25422,47.673711,-122.417226,51,29617,29617,0,4/23/2012 6:25
25422,47.68561,-122.354553,51.79999924,107,107,0,4/23/2012 6:25
25422,47.685551,-122.354532,50.29999924,66,66,0.100000001,4/23/2012 6:25
25422,47.685587,-122.354542,50.79999924,41,41,0.901387811,4/23/2012 6:25
25422,47.685688,-122.354606,69.69999695,30,30,0,4/23/2012 6:25
25422,47.685725,-122.354595,72,26,26,0,4/23/2012 6:25
25422,47.685772,-122.354577,73.5,19,19,0,4/23/2012 6:25
25422,47.685767,-122.35457,69.09999847,14,14,0,4/23/2012 6:26
25422,47.685763,-122.354575,69.09999847,12,12,1,4/23/2012 6:26
25422,47.685775,-122.354584,69.80000305,11,11,1,4/23/2012 6:26
25422,47.685899,-122.354603,84,6,6,0.5,4/23/2012 6:26
25422,47.685901,-122.354603,82.5,5,5,0.25,4/23/2012 6:26
25422,47.685909,-122.354606,83.59999847,5,5,0.25,4/23/2012 6:26
25422,47.685902,-122.35461,82.90000153,5,5,0.5,4/23/2012 6:26
25422,47.685904,-122.354614,82.59999847,5,5,0.5,4/23/2012 6:26
25422,47.685909,-122.354613,83,5,5,0.25,4/23/2012 6:26
25422,47.685905,-122.354629,81.90000153,5,5,0.75,4/23/2012 6:26
25422,47.685899,-122.354644,81.19999695,5,5,1.25,4/23/2012 6:26
25422,47.68589,-122.354655,80.30000305,5,5,1.346291184,4/23/2012 6:26
25422,47.68587,-122.354693,79.80000305,5,5,1.5,4/23/2012 6:26
25422,47.685864,-122.35471,80,5,5,1.5,4/23/2012 6:26
25422,47.68585,-122.354724,80,5,5,1.25,4/23/2012 6:26
25422,47.685857,-122.354708,80.09999847,5,5,0.25,4/23/2012 6:26
25422,47.685854,-122.354713,80.80000305,5,5,0.5,4/23/2012 6:26
25422,47.685855,-122.354702,81.30000305,5,5,0.25,4/23/2012 6:26
25422,47.685853,-122.354701,81.40000153,5,5,0.25,4/23/2012 6:26
25422,47.685853,-122.354698,81.30000305,5,5,0,4/23/2012 6:26
25422,47.685855,-122.354711,81.30000305,5,5,1.25,4/23/2012 6:26
25422,47.685853,-122.354761,81.40000153,5,5,1.75,4/23/2012 6:26
25422,47.68585,-122.354782,81.69999695,5,5,1.75,4/23/2012 6:26
25422,47.685847,-122.35482,81.80000305,5,5,2.25,4/23/2012 6:26
25422,47.685848,-122.354885,82.5,5,5,2.5,4/23/2012 6:26
25422,47.685854,-122.354943,83.09999847,5,5,2.25,4/23/2012 6:26
25422,47.685857,-122.355012,84,5,5,2.5,4/23/2012 6:26
25422,47.685853,-122.355042,84.19999695,5,5,2.549509764,4/23/2012 6:26
25422,47.68589,-122.355129,81.59999847,5,5,2,4/23/2012 6:26
25422,47.685895,-122.355158,80.80000305,5,5,1.75,4/23/2012 6:26
25422,47.685901,-122.355181,80.09999847,5,5,1.75,4/23/2012 6:26
25422,47.685905,-122.355211,79.90000153,5,5,1.75,4/23/2012 6:26
25422,47.685916,-122.355212,80.69999695,5,5,0,4/23/2012 6:26
25422,47.685912,-122.355216,80.19999695,5,5,0,4/23/2012 6:26
25422,47.685909,-122.355212,79.69999695,5,5,0,4/23/2012 6:26
25422,47.685908,-122.35521,79.19999695,5,5,0,4/23/2012 6:26
25422,47.685905,-122.355209,78.80000305,5,5,0,4/23/2012 6:26
25422,47.685901,-122.35522,77.69999695,5,5,0.5,4/23/2012 6:26
25422,47.685909,-122.355262,76.30000305,5,5,1.25,4/23/2012 6:26
25422,47.685875,-122.355312,74.59999847,5,5,2.304886103,4/23/2012 6:26
25422,47.685838,-122.355318,75,5,5,2.795084953,4/23/2012 6:27
25422,47.685752,-122.355309,76.69999695,5,5,4,4/23/2012 6:27
25422,47.685677,-122.355306,77.09999847,5,5,4,4/23/2012 6:27
25422,47.685638,-122.355303,77.09999847,5,5,4,4/23/2012 6:27
25422,47.685604,-122.355306,76.40000153,5,5,4,4/23/2012 6:27
25422,47.685552,-122.355308,76.30000305,5,5,4.5,4/23/2012 6:27
25422,47.68551,-122.355314,76.40000153,5,5,4.5,4/23/2012 6:27
25422,47.685468,-122.355317,75.69999695,5,5,4.5,4/23/2012 6:27
25422,47.685296,-122.355305,76.59999847,5,5,4.77624321,4/23/2012 6:27
25422,47.685255,-122.355305,77.40000153,5,5,4.527692795,4/23/2012 6:27
25422,47.685167,-122.355303,76.90000153,5,5,5,4/23/2012 6:27
25422,47.685121,-122.355305,77,5,5,5,4/23/2012 6:27
25422,47.685036,-122.355306,77.30000305,5,5,5,4/23/2012 6:27
25422,47.68495,-122.355314,78.30000305,5,5,4.854122162,4/23/2012 6:27
25422,47.68486,-122.355322,76.40000153,5,5,5.02493763,4/23/2012 6:27
25422,47.684811,-122.355325,76.30000305,5,5,5,4/23/2012 6:27
25422,47.684729,-122.355335,76.09999847,5,5,5,4/23/2012 6:27
25422,47.684687,-122.355343,75.59999847,5,5,5,4/23/2012 6:27
25422,47.684602,-122.355353,74.40000153,5,5,5.02493763,4/23/2012 6:27
25422,47.684555,-122.355353,74.59999847,5,5,5,4/23/2012 6:27
25422,47.684467,-122.355346,75.59999847,5,5,5.02493763,4/23/2012 6:27
25422,47.684422,-122.355346,76.19999695,5,5,5.02493763,4/23/2012 6:27
25422,47.684338,-122.355345,76.09999847,5,5,5.02493763,4/23/2012 6:27
25422,47.684295,-122.35534,75.90000153,5,5,5.02493763,4/23/2012 6:27
25422,47.684254,-122.355335,75.5,5,5,5,4/23/2012 6:27
25422,47.68415,-122.355356,76.40000153,5,5,5.25,4/23/2012 6:27
25422,47.684097,-122.35536,76,5,5,5.25,4/23/2012 6:27
25422,47.683999,-122.355371,75.69999695,5,5,5.25,4/23/2012 6:27
25422,47.683957,-122.35537,76.90000153,5,5,5.02493763,4/23/2012 6:27
25422,47.683886,-122.355382,78.90000153,5,5,4.366062164,4/23/2012 6:27
25422,47.683837,-122.355395,79.90000153,5,5,4.609772205,4/23/2012 6:27
25422,47.683714,-122.355395,80.5,5,5,5.5,4/23/2012 6:27
25422,47.683618,-122.355388,80.40000153,5,5,5.25,4/23/2012 6:27
25422,47.683573,-122.355388,80,5,5,5.25,4/23/2012 6:27
25422,47.683482,-122.355394,79.59999847,5,5,5.25,4/23/2012 6:27
25422,47.683433,-122.355396,79.90000153,5,5,5.27375555,4/23/2012 6:27
25422,47.68338,-122.355395,80.40000153,5,5,5.27375555,4/23/2012 6:27
25422,47.683326,-122.355399,80.69999695,5,5,5.590169907,4/23/2012 6:27
25422,47.683277,-122.355397,79.69999695,5,5,5.5,4/23/2012 6:27
25422,47.683175,-122.355388,79.5,5,5,6.020797253,4/23/2012 6:27
25422,47.683069,-122.355384,79.90000153,5,5,6,4/23/2012 6:28
25422,47.683016,-122.355387,80.30000305,5,5,6,4/23/2012 6:28
25422,47.682899,-122.355381,80.59999847,5,5,6.25,4/23/2012 6:28
25422,47.682786,-122.355378,80.69999695,5,5,6.25,4/23/2012 6:28
25422,47.682676,-122.355386,81.59999847,5,5,6,4/23/2012 6:28
25422,47.68256,-122.355387,81,5,5,6.25,4/23/2012 6:28
25422,47.682449,-122.355388,80.90000153,5,5,6.269968033,4/23/2012 6:28
25422,47.682387,-122.35538,80.40000153,5,5,6.519202232,4/23/2012 6:28
25422,47.682283,-122.35539,81.30000305,5,5,6.25,4/23/2012 6:28
25422,47.682178,-122.355389,81.40000153,5,5,6,4/23/2012 6:28
25422,47.682116,-122.355387,82,5,5,6.25,4/23/2012 6:28
25422,47.682007,-122.355389,82.5,5,5,6.25,4/23/2012 6:28
25422,47.681952,-122.355393,81.80000305,5,5,6.25,4/23/2012 6:28
25422,47.681888,-122.355394,80.59999847,5,5,6.25,4/23/2012 6:28
25422,47.681837,-122.355402,80.19999695,5,5,6.25,4/23/2012 6:28
25422,47.681779,-122.355398,80.30000305,5,5,6.25,4/23/2012 6:28
25422,47.681672,-122.355395,79.59999847,5,5,6.519202232,4/23/2012 6:28
25422,47.681612,-122.35539,79.69999695,5,5,6.519202232,4/23/2012 6:28
25422,47.681493,-122.355392,79.59999847,5,5,6.5,4/23/2012 6:28
25422,47.681377,-122.355396,79.69999695,5,5,6.25,4/23/2012 6:28
25422,47.681265,-122.355404,79.69999695,6,6,6.25,4/23/2012 6:28
25422,47.68121,-122.355414,80,6,6,6.25,4/23/2012 6:28
25422,47.681143,-122.355404,79.59999847,6,6,6.5,4/23/2012 6:28
25422,47.68103,-122.355405,80.90000153,5,5,7.017834187,4/23/2012 6:28
25422,47.680903,-122.355401,80.40000153,6,6,6.75,4/23/2012 6:28
25422,47.680841,-122.355399,80.30000305,5,5,6.75,4/23/2012 6:28
25422,47.680782,-122.355394,80.59999847,5,5,6.75,4/23/2012 6:28
25422,47.680653,-122.355396,80.19999695,5,5,6.75,4/23/2012 6:28
25422,47.680603,-122.355398,80.69999695,5,5,6.5,4/23/2012 6:28
25422,47.680536,-122.355392,81.40000153,5,5,6.75,4/23/2012 6:28
25422,47.680471,-122.355387,81.40000153,5,5,6.75,4/23/2012 6:28
25422,47.680408,-122.355384,82,5,5,7,4/23/2012 6:28
25422,47.680286,-122.355385,82,5,5,6.75,4/23/2012 6:28
25422,47.680233,-122.355393,81.80000305,5,5,6.75,4/23/2012 6:28
25422,47.680175,-122.355393,81.69999695,5,5,6.75,4/23/2012 6:28
25422,47.680052,-122.355392,81.69999695,5,5,6.75,4/23/2012 6:28
25422,47.679991,-122.355397,81.59999847,5,5,6.75,4/23/2012 6:28
25422,47.67993,-122.355404,80.69999695,5,5,6.75,4/23/2012 6:28
25422,47.67981,-122.355405,80.59999847,6,6,6.5,4/23/2012 6:28
25422,47.679684,-122.355405,80.19999695,5,5,7.017834187,4/23/2012 6:28
25422,47.679624,-122.355406,80.30000305,5,5,7.017834187,4/23/2012 6:28
25422,47.679567,-122.355413,79.80000305,5,5,7.017834187,4/23/2012 6:29
25422,47.679508,-122.355415,79.59999847,5,5,6.75,4/23/2012 6:29
25422,47.679379,-122.355414,79.19999695,5,5,6.75,4/23/2012 6:29
25422,47.67931,-122.355411,79.59999847,5,5,6.75,4/23/2012 6:29
25422,47.679252,-122.355415,79.90000153,5,5,6.519202232,4/23/2012 6:29
25422,47.679193,-122.35541,80.19999695,5,5,6.519202232,4/23/2012 6:29
25422,47.679084,-122.355411,80.90000153,5,5,6.519202232,4/23/2012 6:29
25422,47.679018,-122.355415,80.90000153,5,5,7.017834187,4/23/2012 6:29
25422,47.6789,-122.355426,81,5,5,7,4/23/2012 6:29
25422,47.678842,-122.355429,80.40000153,5,5,6.768493176,4/23/2012 6:29
25422,47.678714,-122.355417,81.5,5,5,7.017834187,4/23/2012 6:29
25422,47.678663,-122.35542,81.09999847,5,5,6.768493176,4/23/2012 6:29
25422,47.678524,-122.355413,81.40000153,5,5,7,4/23/2012 6:29
25422,47.678413,-122.35542,82.90000153,5,5,6.768493176,4/23/2012 6:29
25422,47.678306,-122.355421,83.69999695,5,5,6.020797253,4/23/2012 6:29
25422,47.67826,-122.355426,83.90000153,5,5,5.771697998,4/23/2012 6:29
25422,47.678156,-122.355426,83.69999695,5,5,5.771697998,4/23/2012 6:29
25422,47.678095,-122.355399,83.30000305,5,5,6.25,4/23/2012 6:29
25422,47.678002,-122.355341,83.59999847,5,5,6,4/23/2012 6:29
25422,47.677964,-122.355304,84.59999847,5,5,6,4/23/2012 6:29
25422,47.677899,-122.355263,82.30000305,5,5,6,4/23/2012 6:29
25422,47.677844,-122.355209,80.40000153,5,5,6,4/23/2012 6:29
25422,47.677816,-122.355153,80.09999847,5,5,6,4/23/2012 6:29
25422,47.677793,-122.35509,79.90000153,5,5,6.25,4/23/2012 6:29
25422,47.677772,-122.355015,79.30000305,5,5,6.25,4/23/2012 6:29
25422,47.677751,-122.354935,79,5,5,6.5,4/23/2012 6:29
25422,47.677665,-122.354698,77.69999695,5,5,6.75,4/23/2012 6:29
25422,47.67763,-122.354631,77.30000305,5,5,6.5,4/23/2012 6:29
25422,47.677582,-122.354581,77,5,5,6.75,4/23/2012 6:29
25422,47.677474,-122.354501,77.19999695,5,5,6.25,4/23/2012 6:29
25422,47.677358,-122.354469,78.19999695,5,5,6.020797253,4/23/2012 6:29
25422,47.677304,-122.354459,79.40000153,5,5,6.020797253,4/23/2012 6:29
25422,47.67719,-122.354451,78.59999847,5,5,5.75,4/23/2012 6:29
25422,47.677134,-122.354444,78.59999847,5,5,5.75,4/23/2012 6:29
25422,47.677078,-122.354441,79,5,5,5.75,4/23/2012 6:29
25422,47.67702,-122.354442,79.19999695,5,5,5.75,4/23/2012 6:29
25422,47.676967,-122.354447,79.30000305,5,5,5.75,4/23/2012 6:29
25422,47.67685,-122.354426,79.59999847,5,5,6,4/23/2012 6:29
25422,47.676746,-122.354441,79.90000153,5,5,5.5,4/23/2012 6:29
25422,47.676689,-122.354435,79.59999847,5,5,5.5,4/23/2012 6:29
25422,47.676586,-122.354443,80,5,5,5.75,4/23/2012 6:29
25422,47.67653,-122.354445,80.09999847,5,5,5.75,4/23/2012 6:29
25422,47.676483,-122.354449,79.90000153,5,5,5.75,4/23/2012 6:29
25422,47.676385,-122.354441,81,5,5,5.5,4/23/2012 6:30
25422,47.676343,-122.354445,81.19999695,5,5,5.5,4/23/2012 6:30
25422,47.676292,-122.354445,81.09999847,5,5,5.5,4/23/2012 6:30
25422,47.676259,-122.354454,82.59999847,5,5,5.27375555,4/23/2012 6:30
25422,47.676212,-122.354449,83.40000153,5,5,5,4/23/2012 6:30
25422,47.676108,-122.354442,83.80000305,5,5,5.5,4/23/2012 6:30
25422,47.676007,-122.354447,83.80000305,5,5,5.5,4/23/2012 6:30
25422,47.675959,-122.354444,85,5,5,5.522680283,4/23/2012 6:30
25422,47.675913,-122.354444,85.19999695,5,5,5.25,4/23/2012 6:30
25422,47.67582,-122.354449,85.90000153,5,5,5.5,4/23/2012 6:30
25422,47.675769,-122.354449,86.19999695,5,5,5.5,4/23/2012 6:30
25422,47.675723,-122.35445,85.90000153,5,5,5.5,4/23/2012 6:30
25422,47.675628,-122.354443,85.90000153,5,5,5.25,4/23/2012 6:30
25422,47.675578,-122.354445,85.90000153,5,5,5.5,4/23/2012 6:30
25422,47.675528,-122.354447,85.90000153,5,5,5.5,4/23/2012 6:30
25422,47.675427,-122.354442,85.40000153,5,5,5.5,4/23/2012 6:30
25422,47.675381,-122.35444,86.19999695,5,5,5.27375555,4/23/2012 6:30
25422,47.675279,-122.354449,86.09999847,5,5,5.5,4/23/2012 6:30
25422,47.675229,-122.354453,85.30000305,5,5,5.25,4/23/2012 6:30
25422,47.675133,-122.354451,84.40000153,5,5,5.25,4/23/2012 6:30
25422,47.675038,-122.35445,84.90000153,5,5,5.5,4/23/2012 6:30
25422,47.674944,-122.354449,85.09999847,5,5,5,4/23/2012 6:30
25422,47.674896,-122.354444,85.09999847,5,5,5,4/23/2012 6:30
25422,47.674793,-122.35444,86.09999847,5,5,5.25,4/23/2012 6:30
25422,47.674746,-122.354437,86.09999847,5,5,5.25,4/23/2012 6:30
25422,47.674708,-122.354437,85.80000305,5,5,5,4/23/2012 6:30
25422,47.674594,-122.354449,85.59999847,5,5,5.75,4/23/2012 6:30
25422,47.674542,-122.35445,85.40000153,5,5,5.522680283,4/23/2012 6:30
25422,47.674448,-122.354457,85.80000305,5,5,5.75,4/23/2012 6:30
25422,47.674345,-122.354454,86,5,5,5.5,4/23/2012 6:30
25422,47.674302,-122.354448,86.40000153,5,5,5.5,4/23/2012 6:30
25422,47.67421,-122.35445,86,5,5,5.771697998,4/23/2012 6:30
25422,47.674161,-122.35445,86.40000153,5,5,5.75,4/23/2012 6:30
25422,47.674112,-122.354452,86.69999695,5,5,5.75,4/23/2012 6:30
25422,47.674013,-122.354457,89.80000305,5,5,6,4/23/2012 6:30
25422,47.673926,-122.354459,88.30000305,5,5,5.5,4/23/2012 6:30
25422,47.67387,-122.354459,88.59999847,5,5,6.020797253,4/23/2012 6:30
25422,47.673819,-122.354465,88.80000305,5,5,5.02493763,4/23/2012 6:30
25422,47.673708,-122.35446,89.59999847,5,5,6.269968033,4/23/2012 6:30
25422,47.67366,-122.354452,91.30000305,5,5,4.854122162,4/23/2012 6:30
25422,47.673613,-122.354456,92,5,5,5.590169907,4/23/2012 6:30
25422,47.673558,-122.354454,93,5,5,6.020797253,4/23/2012 6:30
25422,47.673502,-122.354462,92.09999847,5,5,5.75,4/23/2012 6:31
25422,47.673396,-122.354457,90.90000153,5,5,5.5,4/23/2012 6:31
25422,47.67335,-122.354468,90.59999847,5,5,5.5,4/23/2012 6:31
25422,47.673252,-122.354465,90.59999847,5,5,5.75,4/23/2012 6:31
25422,47.673157,-122.354463,90.19999695,5,5,5.836308956,4/23/2012 6:31
25422,47.673108,-122.354463,89.40000153,5,5,6,4/23/2012 6:31
25422,47.672996,-122.354464,89.40000153,5,5,6,4/23/2012 6:31
25422,47.672935,-122.354476,89.80000305,5,5,6.25,4/23/2012 6:31
25422,47.672889,-122.35447,90.40000153,5,5,6.25,4/23/2012 6:31
25422,47.672833,-122.354479,90.09999847,5,5,6,4/23/2012 6:31
25422,47.67273,-122.354481,90.80000305,5,5,6.768493176,4/23/2012 6:31
25422,47.672671,-122.354477,91.40000153,5,5,6,4/23/2012 6:31
25422,47.672568,-122.354476,91.5,5,5,5.5,4/23/2012 6:31
25422,47.672512,-122.354474,90.40000153,5,5,6.269968033,4/23/2012 6:31
25422,47.672457,-122.354477,88,5,5,7.040063858,4/23/2012 6:31
25422,47.672347,-122.354476,87.40000153,5,5,6,4/23/2012 6:31
25422,47.67229,-122.354498,87.80000305,5,5,6.269968033,4/23/2012 6:31
25422,47.67217,-122.35449,87.40000153,5,5,7.25,4/23/2012 6:31
25422,47.672111,-122.354491,87.5,5,5,6.269968033,4/23/2012 6:31
25422,47.672052,-122.354483,87.59999847,5,5,6.269968033,4/23/2012 6:31
25422,47.671997,-122.354487,89.09999847,5,5,6.020797253,4/23/2012 6:31
25422,47.671933,-122.354494,89.59999847,5,5,6.519202232,4/23/2012 6:31
25422,47.671827,-122.354508,89.30000305,5,5,6.519202232,4/23/2012 6:31
25422,47.671761,-122.354505,89.40000153,5,5,6.519202232,4/23/2012 6:31
25422,47.671649,-122.354501,89.69999695,5,5,6.5,4/23/2012 6:31
25422,47.671532,-122.354479,90.09999847,6,6,6.25,4/23/2012 6:31
25422,47.671474,-122.354479,89.90000153,6,6,6.25,4/23/2012 6:31
25422,47.671419,-122.354482,90.40000153,6,6,6,4/23/2012 6:31
25422,47.671367,-122.354476,90.80000305,6,6,6,4/23/2012 6:31
25422,47.671311,-122.354473,91.19999695,6,6,6.269968033,4/23/2012 6:31
25422,47.671185,-122.354478,90.30000305,6,6,5.75,4/23/2012 6:31
25422,47.671129,-122.354473,89.69999695,6,6,6.25,4/23/2012 6:31
25422,47.671012,-122.354454,87.69999695,6,6,6,4/23/2012 6:31
25422,47.670898,-122.354445,87.5,6,6,6.269968033,4/23/2012 6:31
25422,47.670846,-122.354452,88.40000153,5,5,6.082762718,4/23/2012 6:31
25422,47.67074,-122.354453,89.59999847,5,5,6.020797253,4/23/2012 6:31
25422,47.670686,-122.354448,91.19999695,5,5,5.771697998,4/23/2012 6:31
25422,47.670621,-122.354445,90.30000305,5,5,6.25,4/23/2012 6:31
25422,47.670564,-122.354444,91.19999695,5,5,6.75,4/23/2012 6:31
25422,47.670502,-122.354451,90,5,5,6.5,4/23/2012 6:31
25422,47.67039,-122.354439,88.40000153,5,5,6.25,4/23/2012 6:31
25422,47.670333,-122.354444,88.30000305,5,5,6.5,4/23/2012 6:31
25422,47.670227,-122.354459,89,5,5,6.020797253,4/23/2012 6:32
25422,47.670115,-122.354472,88.69999695,5,5,6.5,4/23/2012 6:32
25422,47.669994,-122.354467,88.19999695,5,5,6,4/23/2012 6:32
25422,47.669891,-122.354468,88.80000305,5,5,5.75,4/23/2012 6:32
25422,47.669786,-122.35446,88.90000153,5,5,5.5,4/23/2012 6:32
25422,47.669717,-122.354457,88.59999847,5,5,7.25,4/23/2012 6:32
25422,47.669666,-122.354459,88.69999695,5,5,6.519202232,4/23/2012 6:32
25422,47.669611,-122.354462,88,5,5,6.519202232,4/23/2012 6:32
25422,47.669563,-122.354466,87.59999847,5,5,6.269968033,4/23/2012 6:32
25422,47.669504,-122.354477,87.40000153,5,5,6.269968033,4/23/2012 6:32
25422,47.669461,-122.354475,87.40000153,5,5,5.5,4/23/2012 6:32
25422,47.669411,-122.354476,87,5,5,5.75,4/23/2012 6:32
25422,47.669361,-122.354475,86.5,5,5,6.25,4/23/2012 6:32
25422,47.669247,-122.354474,86.69999695,5,5,6,4/23/2012 6:32
25422,47.669186,-122.354482,85.90000153,5,5,6.020797253,4/23/2012 6:32
25422,47.669079,-122.354486,86.40000153,5,5,6.75,4/23/2012 6:32
25422,47.669031,-122.354494,86.30000305,5,5,5.5,4/23/2012 6:32
25422,47.668975,-122.354488,86.30000305,5,5,5.5,4/23/2012 6:32
25422,47.668921,-122.354488,86.80000305,5,5,6.5,4/23/2012 6:32
25422,47.668862,-122.354489,86.5,5,5,6,4/23/2012 6:32
25422,47.668814,-122.354495,84.90000153,5,5,6.25,4/23/2012 6:32
25422,47.668757,-122.354493,84.90000153,5,5,6,4/23/2012 6:32
25422,47.668699,-122.354502,83.69999695,5,5,6.823671818,4/23/2012 6:32
25422,47.668642,-122.35451,83.69999695,5,5,6.020797253,4/23/2012 6:32
25422,47.668588,-122.354508,82.59999847,5,5,6.082762718,4/23/2012 6:32
25422,47.668274,-122.354476,83.5,5,5,6.519202232,4/23/2012 6:32
25422,47.668163,-122.354484,84.30000305,5,5,6.020797253,4/23/2012 6:32
25422,47.668044,-122.354485,85.5,5,5,6.5,4/23/2012 6:32
25422,47.667926,-122.354492,85.59999847,5,5,6.5,4/23/2012 6:32
25422,47.667856,-122.354489,84.90000153,5,5,7.267220974,4/23/2012 6:32
25422,47.667735,-122.354492,84.30000305,5,5,6.75,4/23/2012 6:32
25422,47.667616,-122.3545,83.80000305,5,5,7.017834187,4/23/2012 6:32
25422,47.667559,-122.354507,84.5,6,6,7,4/23/2012 6:32
25422,47.667497,-122.35451,84.5,6,6,7,4/23/2012 6:32
25422,47.667372,-122.354519,83.69999695,7,7,6.823671818,4/23/2012 6:32
25422,47.66731,-122.354515,83.5,7,7,7.766112328,4/23/2012 6:32
25422,47.667184,-122.354508,85.19999695,7,7,7.75,4/23/2012 6:32
25422,47.667115,-122.35451,86.09999847,7,7,7.5,4/23/2012 6:32
25422,47.667054,-122.354518,86.19999695,7,7,7.25,4/23/2012 6:32
25422,47.666989,-122.354515,86.59999847,7,7,7,4/23/2012 6:32
25422,47.666925,-122.354511,87.19999695,7,7,7.516648293,4/23/2012 6:33
25422,47.666653,-122.354535,87.90000153,6,6,7.75,4/23/2012 6:33
25422,47.666505,-122.35452,87.30000305,5,5,7.75,4/23/2012 6:33
25422,47.666433,-122.354519,86.59999847,5,5,7.25,4/23/2012 6:33
25422,47.666296,-122.354522,86.69999695,5,5,7.25,4/23/2012 6:33
25422,47.666158,-122.354527,88.69999695,5,5,7.017834187,4/23/2012 6:33
25422,47.666018,-122.354532,88.90000153,5,5,7.25,4/23/2012 6:33
25422,47.665889,-122.354525,89.90000153,5,5,7.75,4/23/2012 6:33
25422,47.66583,-122.354517,89.59999847,5,5,7.267220974,4/23/2012 6:33
25422,47.665754,-122.354513,90.40000153,5,5,7.766112328,4/23/2012 6:33
25422,47.665608,-122.35452,90.19999695,5,5,7.766112328,4/23/2012 6:33
25422,47.665541,-122.354515,89.30000305,5,5,7.5,4/23/2012 6:33
25422,47.665467,-122.354509,89.69999695,6,6,7.75,4/23/2012 6:33
25422,47.665379,-122.354494,90.19999695,7,7,8.265137672,4/23/2012 6:33
25422,47.665248,-122.354448,88.5,6,6,7.766112328,4/23/2012 6:33
25422,47.665196,-122.354405,89.80000305,6,6,7.516648293,4/23/2012 6:33
25422,47.66513,-122.354339,89.19999695,6,6,8.015609741,4/23/2012 6:33
25422,47.665094,-122.354287,86.90000153,6,6,7.5,4/23/2012 6:33
25422,47.665051,-122.354215,85.80000305,5,5,7.25,4/23/2012 6:33
25422,47.665005,-122.354141,85,5,5,7.75,4/23/2012 6:33
25422,47.664894,-122.354056,85.59999847,5,5,7.017834187,4/23/2012 6:33
25422,47.664832,-122.354047,86.69999695,5,5,7.25,4/23/2012 6:33
25422,47.664768,-122.354043,86.59999847,5,5,7.766112328,4/23/2012 6:33
25422,47.66463,-122.354031,85.09999847,6,6,7.5,4/23/2012 6:33
25422,47.664564,-122.35403,85.09999847,6,6,7.75,4/23/2012 6:33
25422,47.664484,-122.354035,84.5,5,5,8.265137672,4/23/2012 6:33
25422,47.664407,-122.354045,84.19999695,5,5,8.25,4/23/2012 6:33
25422,47.664269,-122.35404,84,6,6,8,4/23/2012 6:33
25422,47.664123,-122.354016,83.69999695,6,6,7.5,4/23/2012 6:33
25422,47.664053,-122.354012,83.69999695,6,6,7.5,4/23/2012 6:33
25422,47.663984,-122.354012,83.80000305,6,6,7.5,4/23/2012 6:33
25422,47.663915,-122.354014,84.19999695,6,6,7.5,4/23/2012 6:33
25422,47.663784,-122.354009,84.40000153,5,5,7.75,4/23/2012 6:33
25422,47.663719,-122.354016,84.80000305,5,5,7.5,4/23/2012 6:33
25422,47.663657,-122.354017,84,5,5,7.766112328,4/23/2012 6:33
25422,47.663534,-122.354023,83.80000305,5,5,6.768493176,4/23/2012 6:33
25422,47.663475,-122.354028,82.90000153,5,5,7.516648293,4/23/2012 6:33
25422,47.663402,-122.354021,83,5,5,7.75,4/23/2012 6:33
25422,47.663324,-122.354009,82.19999695,5,5,7.516648293,4/23/2012 6:33
25422,47.663183,-122.354003,81.80000305,5,5,7.766112328,4/23/2012 6:33
25422,47.663052,-122.353993,82.30000305,5,5,7.75,4/23/2012 6:33
25422,47.662981,-122.353979,82.09999847,5,5,7.25,4/23/2012 6:33
25422,47.662924,-122.353831,83.09999847,5,5,6.5,4/23/2012 6:33
25422,47.662903,-122.353666,82.80000305,5,5,6.75,4/23/2012 6:34
25422,47.662895,-122.353579,82.59999847,5,5,7.017834187,4/23/2012 6:34
25422,47.662893,-122.35338,81.80000305,5,5,7.5,4/23/2012 6:34
25422,47.662892,-122.353289,82,5,5,7.5,4/23/2012 6:34
25422,47.662895,-122.353185,81.59999847,5,5,7.5,4/23/2012 6:34
25422,47.662899,-122.352989,80.90000153,5,5,7.5,4/23/2012 6:34
25422,47.662899,-122.352896,80.59999847,5,5,6.5,4/23/2012 6:34
25422,47.662867,-122.352732,80.19999695,5,5,6.519202232,4/23/2012 6:34
25422,47.662875,-122.352648,80.69999695,5,5,6.269968033,4/23/2012 6:34
25422,47.662883,-122.352551,80.30000305,5,5,6.75,4/23/2012 6:34
25422,47.6629,-122.352468,80.80000305,5,5,6.75,4/23/2012 6:34
25422,47.662891,-122.352365,79.80000305,5,5,7.017834187,4/23/2012 6:34
25422,47.662901,-122.351862,79.09999847,5,5,8.25,4/23/2012 6:34
25422,47.6629,-122.351667,78.40000153,5,5,6.269968033,4/23/2012 6:34
25422,47.662887,-122.351583,78.30000305,5,5,5.5,4/23/2012 6:34
25422,47.662852,-122.35151,77.69999695,5,5,5.5,4/23/2012 6:34
25422,47.662812,-122.351479,77.59999847,5,5,5.02493763,4/23/2012 6:34
25422,47.662762,-122.351473,76.80000305,5,5,5.70087719,4/23/2012 6:34
25422,47.662652,-122.351476,75.80000305,5,5,6.020797253,4/23/2012 6:34
25422,47.662588,-122.351482,74.69999695,5,5,7.267220974,4/23/2012 6:34
25422,47.662525,-122.351484,74.09999847,5,5,7.07106781,4/23/2012 6:34
25422,47.662349,-122.351496,74.40000153,5,5,6.5,4/23/2012 6:34
25422,47.662308,-122.351502,74.80000305,5,5,5.522680283,4/23/2012 6:34
25422,47.662246,-122.351521,75.40000153,5,5,2.75,4/23/2012 6:34
25422,47.662232,-122.351524,74.5,5,5,2,4/23/2012 6:34
25422,47.662229,-122.35153,74.69999695,5,5,0,4/23/2012 6:34
25422,47.662226,-122.351529,75.19999695,5,5,0,4/23/2012 6:34
25422,47.662226,-122.351528,75.19999695,5,5,0,4/23/2012 6:34
25422,47.662235,-122.351536,75.5,5,5,0,4/23/2012 6:34
25422,47.662236,-122.351535,75.5,5,5,0,4/23/2012 6:34
25422,47.662238,-122.351539,75.5,5,5,0,4/23/2012 6:34
25422,47.662245,-122.35154,75.90000153,5,5,0,4/23/2012 6:34
25422,47.662244,-122.351535,76.09999847,5,5,0,4/23/2012 6:34
25422,47.662241,-122.351535,76.09999847,5,5,1.25,4/23/2012 6:34
25422,47.662209,-122.351545,77.5,5,5,2.46221447,4/23/2012 6:34
25422,47.662176,-122.351538,77.59999847,5,5,4.75,4/23/2012 6:34
25422,47.662131,-122.351527,77.09999847,5,5,4.5,4/23/2012 6:34
25422,47.662086,-122.351522,77.80000305,5,5,5.02493763,4/23/2012 6:34
25422,47.662036,-122.351519,78.19999695,5,5,5.5,4/23/2012 6:35
25422,47.661795,-122.351517,77.80000305,5,5,7.017834187,4/23/2012 6:35
25422,47.661728,-122.351514,78.30000305,5,5,6.768493176,4/23/2012 6:35
25422,47.661612,-122.351517,75.80000305,5,5,6.329494476,4/23/2012 6:35
25422,47.661564,-122.351531,75.30000305,5,5,5,4/23/2012 6:35
25422,47.661486,-122.351476,75.40000153,5,5,4.75,4/23/2012 6:35
25422,47.661449,-122.351351,73.90000153,5,5,5.771697998,4/23/2012 6:35
25422,47.661449,-122.351181,73.59999847,5,5,6.25,4/23/2012 6:35
25422,47.661427,-122.351007,72.40000153,5,5,6.768493176,4/23/2012 6:35
25422,47.661419,-122.350829,70.40000153,5,5,6.5,4/23/2012 6:35
25422,47.661426,-122.350666,70.69999695,5,5,6.5,4/23/2012 6:35
25422,47.661425,-122.35057,70.59999847,5,5,6.75,4/23/2012 6:35
25422,47.661419,-122.350386,70.30000305,5,5,6.25,4/23/2012 6:35
25422,47.661419,-122.350318,69.80000305,5,5,5.25,4/23/2012 6:35
25422,47.661409,-122.350207,69.90000153,5,5,3.75,4/23/2012 6:35
25422,47.661394,-122.350167,69.59999847,5,5,4.031128883,4/23/2012 6:35
25422,47.661365,-122.350124,69.80000305,5,5,4.527692795,4/23/2012 6:35
25422,47.661325,-122.350094,70,6,6,4,4/23/2012 6:35
25422,47.661219,-122.350097,70,7,7,5.75,4/23/2012 6:35
25422,47.661177,-122.350108,68.80000305,7,7,5.771697998,4/23/2012 6:35
25422,47.661045,-122.350094,68.19999695,6,6,7.25,4/23/2012 6:35
25422,47.660908,-122.350088,68.40000153,5,5,7.267220974,4/23/2012 6:35
25422,47.660837,-122.350083,68.30000305,6,6,7.25,4/23/2012 6:35
25422,47.66077,-122.35009,68.19999695,6,6,7.75,4/23/2012 6:35
25422,47.660614,-122.350094,66.40000153,6,6,8.062257767,4/23/2012 6:35
25422,47.660459,-122.350096,65.59999847,6,6,8.265137672,4/23/2012 6:35
25422,47.660379,-122.350087,65.5,6,6,9.013877869,4/23/2012 6:35
25422,47.660209,-122.350087,64,6,6,9.013877869,4/23/2012 6:35
25422,47.660042,-122.350066,61.90000153,6,6,9.55248642,4/23/2012 6:35
25422,47.659951,-122.350057,61.20000076,6,6,9.762811661,4/23/2012 6:35
25422,47.659796,-122.350062,61.20000076,6,6,9.013877869,4/23/2012 6:35
25422,47.659616,-122.350067,60.5,5,5,9.5,4/23/2012 6:35
25422,47.659529,-122.350064,60.40000153,5,5,9.762811661,4/23/2012 6:35
25422,47.659442,-122.350066,59.79999924,5,5,9.762811661,4/23/2012 6:35
25422,47.659268,-122.350073,58.5,5,5,9.25,4/23/2012 6:35
25422,47.659183,-122.350071,59,5,5,9.263504028,4/23/2012 6:35
25422,47.659098,-122.350073,59.29999924,5,5,9.75,4/23/2012 6:35
25422,47.659016,-122.350075,61,5,5,9.463747025,4/23/2012 6:35
25422,47.658922,-122.350071,62,5,5,10.25,4/23/2012 6:35
25422,47.658838,-122.350069,62.59999847,5,5,10,4/23/2012 6:36
25422,47.65865,-122.350056,59.09999847,5,5,9.75,4/23/2012 6:36
25422,47.658465,-122.350048,59.29999924,7,7,10.25,4/23/2012 6:36
25422,47.658285,-122.350059,59.70000076,7,7,9.762811661,4/23/2012 6:36
25422,47.658098,-122.350064,60.29999924,6,6,10,4/23/2012 6:36
25422,47.657995,-122.350059,59.20000076,6,6,11.01135731,4/23/2012 6:36
25422,47.657789,-122.350058,58,5,5,10.25,4/23/2012 6:36
25422,47.657682,-122.350038,56.59999847,5,5,10.75,4/23/2012 6:36
25422,47.657595,-122.350033,56.59999847,5,5,10.5,4/23/2012 6:36
25422,47.657409,-122.35003,57.20000076,5,5,11.01135731,4/23/2012 6:36
25422,47.657308,-122.350019,57.79999924,5,5,11,4/23/2012 6:36
25422,47.657192,-122.350017,58,5,5,11.76063347,4/23/2012 6:36
25422,47.656975,-122.350026,57.20000076,6,6,12.01041222,4/23/2012 6:36
25422,47.656877,-122.350038,56.5,6,6,11.26110554,4/23/2012 6:36
25422,47.656661,-122.350022,53.70000076,5,5,12.2907486,4/23/2012 6:36
25422,47.65655,-122.35002,52.79999924,5,5,12.26019955,4/23/2012 6:36
25422,47.65644,-122.350015,51.79999924,5,5,12.78915596,4/23/2012 6:36
25422,47.65632,-122.35001,50.29999924,5,5,12.75979996,4/23/2012 6:36
25422,47.656205,-122.350013,49.59999847,5,5,12.50999641,4/23/2012 6:36
25422,47.656091,-122.350004,46.59999847,5,5,12.98075485,4/23/2012 6:36
25422,47.655978,-122.350006,44.5,5,5,12.58967876,4/23/2012 6:36
25422,47.655742,-122.349984,42.09999847,6,6,12.78915596,4/23/2012 6:36
25422,47.655481,-122.349989,41.29999924,9,9,13.5,4/23/2012 6:36
25422,47.655322,-122.349986,37.70000076,6,6,11.10180187,4/23/2012 6:36
25422,47.655127,-122.349994,35.70000076,6,6,11.01135731,4/23/2012 6:36
25422,47.654965,-122.349994,35.09999847,6,6,10.25,4/23/2012 6:36
25422,47.654897,-122.34999,33.90000153,6,6,9.013877869,4/23/2012 6:36
25422,47.654813,-122.349981,33.29999924,5,5,8.558621407,4/23/2012 6:36
25422,47.654735,-122.34997,32.5,5,5,8.015609741,4/23/2012 6:36
25422,47.654669,-122.349967,31.70000076,5,5,7.25,4/23/2012 6:36
25422,47.654597,-122.349973,32,5,5,7.25,4/23/2012 6:36
25422,47.654499,-122.349971,30.39999962,6,6,5.75,4/23/2012 6:36
25422,47.65446,-122.349975,30.79999924,6,6,4.5,4/23/2012 6:36
25422,47.654419,-122.349969,31.20000076,6,6,3.25,4/23/2012 6:36
25422,47.654375,-122.349964,30.79999924,5,5,1.75,4/23/2012 6:36
25422,47.654331,-122.349956,30.79999924,6,6,2.061552763,4/23/2012 6:36
25422,47.654326,-122.349953,30.39999962,6,6,0,4/23/2012 6:36
25422,47.65433,-122.349956,30.10000038,6,6,0,4/23/2012 6:36
25422,47.65433,-122.349962,29.79999924,5,5,0,4/23/2012 6:36
25422,47.654335,-122.349961,29.5,5,5,0,4/23/2012 6:36
25422,47.654337,-122.34996,29.29999924,5,5,0,4/23/2012 6:36
25422,47.654336,-122.349958,29.20000076,5,5,0,4/23/2012 6:37
25422,47.654337,-122.349958,29.10000038,5,5,0,4/23/2012 6:37
25422,47.654334,-122.34996,29,6,6,0,4/23/2012 6:37
25422,47.65433,-122.34996,29.10000038,6,6,2.25,4/23/2012 6:37
25422,47.654266,-122.349957,29.29999924,5,5,4.25,4/23/2012 6:37
25422,47.654181,-122.34996,29,5,5,5,4/23/2012 6:37
25422,47.654128,-122.349951,28.89999962,5,5,6.269968033,4/23/2012 6:37
25422,47.654008,-122.34996,30,5,5,6.5,4/23/2012 6:37
25422,47.653846,-122.34996,28.60000038,5,5,8.558621407,4/23/2012 6:37
25422,47.653692,-122.349971,27,5,5,8.764273643,4/23/2012 6:37
25422,47.653548,-122.349973,26,5,5,8.25,4/23/2012 6:37
25422,47.653456,-122.349989,26.29999924,6,6,9,4/23/2012 6:37
25422,47.6533,-122.350008,25.60000038,8,8,8.75,4/23/2012 6:37
25422,47.653187,-122.350004,25.60000038,8,8,9.75,4/23/2012 6:37
25422,47.653063,-122.349991,24.89999962,8,8,11.01135731,4/23/2012 6:37
25422,47.652965,-122.349986,24.79999924,7,7,11.04536057,4/23/2012 6:37
25422,47.65286,-122.349999,23.39999962,7,7,11.59741306,4/23/2012 6:37
25422,47.652763,-122.349998,22.29999924,7,7,11.59741306,4/23/2012 6:37
25422,47.652206,-122.35,17.89999962,6,6,8.265137672,4/23/2012 6:37
25422,47.652053,-122.349995,16.89999962,6,6,7.516648293,4/23/2012 6:37
25422,47.651992,-122.350001,16.5,6,6,7,4/23/2012 6:37
25422,47.651888,-122.349994,13.89999962,6,6,6.768493176,4/23/2012 6:37
25422,47.651825,-122.349998,13.39999962,6,6,6.768493176,4/23/2012 6:37
25422,47.651745,-122.349991,11.89999962,5,5,5.27375555,4/23/2012 6:37
25422,47.651699,-122.350001,11.39999962,5,5,4.527692795,4/23/2012 6:37
25422,47.651629,-122.350017,8.800000191,5,5,3.783186436,4/23/2012 6:37
25422,47.651593,-122.350028,7.800000191,6,6,3.881043673,4/23/2012 6:37
25422,47.651568,-122.350033,10,6,6,1.600781083,4/23/2012 6:37
25422,47.651553,-122.350028,10.60000038,6,6,0.25,4/23/2012 6:37
25422,47.651559,-122.350014,12.19999981,6,6,0,4/23/2012 6:37
25422,47.651566,-122.35002,12.5,6,6,0,4/23/2012 6:37
25422,47.651573,-122.35001,14.10000038,6,6,0,4/23/2012 6:37
25422,47.651575,-122.350004,15.69999981,5,5,0,4/23/2012 6:37
25422,47.65158,-122.349999,15.69999981,5,5,0,4/23/2012 6:37
25422,47.651581,-122.349995,15.89999962,5,5,0,4/23/2012 6:37
25422,47.651585,-122.34999,16,5,5,0,4/23/2012 6:37
25422,47.651584,-122.349989,15.89999962,5,5,0,4/23/2012 6:37
25422,47.651558,-122.349994,15.5,5,5,2.23606801,4/23/2012 6:38
25422,47.65151,-122.349991,14,5,5,2.304886103,4/23/2012 6:38
25422,47.651454,-122.349995,13.30000019,5,5,4.279310703,4/23/2012 6:38
25422,47.651375,-122.349997,12.69999981,5,5,3.783186436,4/23/2012 6:38
25422,47.651328,-122.349983,12.39999962,5,5,4.5,4/23/2012 6:38
25422,47.651286,-122.34998,12.5,5,5,4.5,4/23/2012 6:38
25422,47.651177,-122.349972,12.19999981,5,5,6.020797253,4/23/2012 6:38
25422,47.651136,-122.349971,11.80000019,5,5,4.75,4/23/2012 6:38
25422,47.651057,-122.34997,10.80000019,5,5,4.5,4/23/2012 6:38
25422,47.65099,-122.349969,11.10000038,5,5,3.783186436,4/23/2012 6:38
25422,47.65092,-122.349961,12.39999962,5,5,3.783186436,4/23/2012 6:38
25422,47.65088,-122.34997,12.39999962,6,6,3.783186436,4/23/2012 6:38
25422,47.650845,-122.34996,11.5,6,6,1.820027471,4/23/2012 6:38
25422,47.650829,-122.349946,10.80000019,6,6,1.820027471,4/23/2012 6:38
25422,47.650819,-122.34993,11.19999981,6,6,1.25,4/23/2012 6:38
25422,47.650783,-122.349926,10.69999981,6,6,1.5,4/23/2012 6:38
25422,47.650758,-122.349927,10.5,6,6,0.75,4/23/2012 6:38
25422,47.650748,-122.34992,9.600000381,6,6,0,4/23/2012 6:38
25422,47.650745,-122.349913,9.5,6,6,0,4/23/2012 6:38
25422,47.650737,-122.349913,10.10000038,5,5,0,4/23/2012 6:38
25422,47.650737,-122.349917,10.30000019,5,5,0,4/23/2012 6:38
25422,47.650735,-122.34992,11,5,5,0.901387811,4/23/2012 6:38
25422,47.650703,-122.349921,9.199999809,5,5,2.5,4/23/2012 6:38
25422,47.650649,-122.349935,8.399999619,5,5,3.75,4/23/2012 6:38
25422,47.650604,-122.349934,7,5,5,5,4/23/2012 6:38
25422,47.650561,-122.349933,6.800000191,5,5,5,4/23/2012 6:38
25422,47.650511,-122.349927,5.599999905,5,5,5.5,4/23/2012 6:38
25422,47.650413,-122.349917,4.599999905,5,5,6.25,4/23/2012 6:38
25422,47.650358,-122.349919,3.5,5,5,6.519202232,4/23/2012 6:38
25422,47.650298,-122.349919,3.900000095,5,5,6.5,4/23/2012 6:38
25422,47.650239,-122.349922,3.700000048,5,5,6.5,4/23/2012 6:38
25422,47.650179,-122.349911,3.799999952,5,5,7.25,4/23/2012 6:38
25422,47.650055,-122.349894,2.900000095,5,5,7.267220974,4/23/2012 6:38
25422,47.649993,-122.349892,2.299999952,5,5,7.267220974,4/23/2012 6:38
25422,47.649858,-122.349887,1.600000024,6,6,7.017834187,4/23/2012 6:38
25422,47.64979,-122.349879,1.5,6,6,7.267220974,4/23/2012 6:38
25422,47.649667,-122.349893,2.900000095,5,5,7.25,4/23/2012 6:38
25422,47.649592,-122.349882,3.700000048,6,6,7.516648293,4/23/2012 6:38
25422,47.64951,-122.349867,4.699999809,6,6,8.51469326,4/23/2012 6:38
25422,47.649382,-122.34988,3.799999952,6,6,7.516648293,4/23/2012 6:39
25422,47.649242,-122.349869,3.799999952,7,7,7.25,4/23/2012 6:39
25422,47.649113,-122.349878,3.5,8,8,8.062257767,4/23/2012 6:39
25422,47.648975,-122.349884,3,9,9,7.267220974,4/23/2012 6:39
25422,47.648911,-122.349886,3.200000048,9,9,7,4/23/2012 6:39
25422,47.648797,-122.349889,4.599999905,9,9,6.519202232,4/23/2012 6:39
25422,47.648663,-122.349908,1.799999952,7,7,6.75,4/23/2012 6:39
25422,47.648604,-122.349916,2.200000048,6,6,6.768493176,4/23/2012 6:39
25422,47.648481,-122.349893,1.700000048,5,5,6.75,4/23/2012 6:39
25422,47.64841,-122.349887,1.600000024,5,5,7.267220974,4/23/2012 6:39
25422,47.648337,-122.349899,0.100000001,6,6,7.516648293,4/23/2012 6:39
25422,47.648213,-122.349878,-1.700000048,5,5,7,4/23/2012 6:39
25422,47.648098,-122.34988,-2.299999952,5,5,6.75,4/23/2012 6:39
25422,47.648039,-122.349886,-2.5,5,5,6.5,4/23/2012 6:39
25422,47.647949,-122.349843,2,5,5,5.099019527,4/23/2012 6:39
25422,47.647847,-122.349863,4.300000191,6,6,5.522680283,4/23/2012 6:39
25422,47.647793,-122.349839,3.599999905,7,7,5.25,4/23/2012 6:39
25422,47.647686,-122.349855,3.700000048,8,8,5,4/23/2012 6:39
25422,47.647585,-122.349841,2.700000048,7,7,6.5,4/23/2012 6:39
25422,47.647459,-122.349913,1.799999952,7,7,6.25,4/23/2012 6:39
25422,47.647411,-122.349896,2,7,7,5.75,4/23/2012 6:39
25422,47.647377,-122.349886,2,8,8,4.75,4/23/2012 6:39
25422,47.647268,-122.3499,1.600000024,7,7,5.5,4/23/2012 6:39
25422,47.647214,-122.34989,1,7,7,5.25,4/23/2012 6:39
25422,47.647151,-122.349871,0.5,7,7,6,4/23/2012 6:39
25422,47.647131,-122.349883,0.5,7,7,5.25,4/23/2012 6:39
25422,47.647026,-122.349892,2,8,8,5.522680283,4/23/2012 6:39
25422,47.646903,-122.349903,1.200000048,7,7,6.519202232,4/23/2012 6:39
25422,47.646782,-122.349903,1,5,5,6.5,4/23/2012 6:39
25422,47.646735,-122.349907,0.600000024,5,5,5.75,4/23/2012 6:39
25422,47.64663,-122.3499,0.100000001,5,5,5.25,4/23/2012 6:39
25422,47.646586,-122.349897,-0.200000003,5,5,5.25,4/23/2012 6:39
25422,47.646501,-122.3499,-1.799999952,5,5,5,4/23/2012 6:39
25422,47.646427,-122.349906,-0.600000024,5,5,3,4/23/2012 6:39
25422,47.646385,-122.349895,-1.100000024,5,5,0.75,4/23/2012 6:39
25422,47.64638,-122.349895,-0.400000006,5,5,0.5,4/23/2012 6:39
25422,47.646376,-122.349898,-0.600000024,5,5,0,4/23/2012 6:39
25422,47.646379,-122.349895,-0.899999976,5,5,0,4/23/2012 6:39
25422,47.646373,-122.349895,-1,5,5,0,4/23/2012 6:39
25422,47.646373,-122.349894,-1.299999952,5,5,0,4/23/2012 6:40
25422,47.646367,-122.349888,-1,5,5,0,4/23/2012 6:40
25422,47.646375,-122.349883,-0.5,5,5,0,4/23/2012 6:40
25422,47.646378,-122.349879,-0.400000006,5,5,0,4/23/2012 6:40
25422,47.646377,-122.349878,-0.200000003,5,5,0,4/23/2012 6:40
25422,47.646376,-122.349878,0,5,5,0,4/23/2012 6:40
25422,47.646372,-122.349878,0,5,5,1.5,4/23/2012 6:41
25422,47.646313,-122.349869,-0.400000006,5,5,3.25,4/23/2012 6:41
25422,47.646246,-122.349867,-1.899999976,5,5,4,4/23/2012 6:41
25422,47.64621,-122.349865,-2.299999952,5,5,4.25,4/23/2012 6:41
25422,47.64612,-122.349836,-2.599999905,5,5,5.25,4/23/2012 6:41
25422,47.646069,-122.349817,-2.900000095,5,5,5.25,4/23/2012 6:41
25422,47.645972,-122.349759,-3.200000048,5,5,5.75,4/23/2012 6:41
25422,47.645923,-122.349731,-2.799999952,5,5,5.771697998,4/23/2012 6:41
25422,47.645868,-122.349694,-2.799999952,5,5,6,4/23/2012 6:41
25422,47.645762,-122.349636,-3,5,5,6,4/23/2012 6:41
25422,47.645714,-122.349596,-3.700000048,5,5,5.75,4/23/2012 6:41
25422,47.645667,-122.34955,-4.800000191,5,5,5.522680283,4/23/2012 6:41
25422,47.645585,-122.349471,-6,5,5,5.27375555,4/23/2012 6:41
25422,47.645546,-122.34942,-5.699999809,5,5,5.522680283,4/23/2012 6:41
25422,47.645509,-122.349375,-5,5,5,5,4/23/2012 6:41
25422,47.64544,-122.349285,-4.300000191,5,5,4.75,4/23/2012 6:41
25422,47.64541,-122.349247,-4,5,5,4.75,4/23/2012 6:41
25422,47.64538,-122.349204,-4.099999905,5,5,4.75,4/23/2012 6:41
25422,47.645356,-122.349149,-4,5,5,4.75,4/23/2012 6:41
25422,47.645325,-122.349106,-3.299999952,5,5,4.279310703,4/23/2012 6:41
25422,47.645304,-122.349059,-2.900000095,5,5,4.279310703,4/23/2012 6:41
25422,47.645277,-122.349026,-2.900000095,5,5,4.031128883,4/23/2012 6:41
25422,47.645255,-122.348995,-2.799999952,5,5,3.783186436,4/23/2012 6:41
25422,47.645063,-122.348654,1.299999952,5,5,4.75,4/23/2012 6:41
25422,47.645036,-122.348612,1.799999952,5,5,4.279310703,4/23/2012 6:41
25422,47.644996,-122.348515,2,5,5,4.5,4/23/2012 6:41
25422,47.644966,-122.348472,2.099999905,5,5,4.527692795,4/23/2012 6:41
25422,47.644936,-122.348424,1.399999976,5,5,4.527692795,4/23/2012 6:41
25422,47.644878,-122.348333,1.100000024,5,5,4.75,4/23/2012 6:41
25422,47.644821,-122.348238,-0.300000012,5,5,4.279310703,4/23/2012 6:41
25422,47.644801,-122.348199,-0.600000024,5,5,4.279310703,4/23/2012 6:41
25422,47.644794,-122.348155,0.699999988,5,5,4.031128883,4/23/2012 6:41
25422,47.644761,-122.348055,2.5,5,5,4.031128883,4/23/2012 6:41
25422,47.644747,-122.347992,1.799999952,6,6,4.25,4/23/2012 6:41
25422,47.644687,-122.347964,0.800000012,5,5,5.02493763,4/23/2012 6:41
25422,47.644653,-122.347934,0.100000001,6,6,4.77624321,4/23/2012 6:41
25422,47.644624,-122.347896,0.400000006,7,7,4.5,4/23/2012 6:42
25422,47.644561,-122.347726,2.099999905,7,7,4.25,4/23/2012 6:42
25422,47.644532,-122.347689,2.5,7,7,4.25,4/23/2012 6:42
25422,47.6445,-122.347641,3.099999905,8,8,4.5,4/23/2012 6:42
25422,47.644475,-122.347574,2.900000095,10,10,4.75,4/23/2012 6:42
25422,47.644443,-122.347463,2.200000048,8,8,4.75,4/23/2012 6:42
25422,47.644432,-122.347395,2.5,7,7,4.5,4/23/2012 6:42
25422,47.644406,-122.34728,2.400000095,7,7,4.5,4/23/2012 6:42
25422,47.644373,-122.347239,1.299999952,6,6,4.77624321,4/23/2012 6:42
25422,47.644362,-122.347182,1.5,6,6,4.25,4/23/2012 6:42
25422,47.644336,-122.347084,1.899999976,6,6,4.25,4/23/2012 6:42
25422,47.644297,-122.346978,3.599999905,5,5,4.279310703,4/23/2012 6:42
25422,47.644289,-122.346921,4.599999905,5,5,4.366062164,4/23/2012 6:42
25422,47.644259,-122.346814,5.800000191,7,7,4.279310703,4/23/2012 6:42
25422,47.644213,-122.346706,5.900000095,6,6,4.75,4/23/2012 6:42
25422,47.644156,-122.346631,6.599999905,6,6,4.527692795,4/23/2012 6:42
25422,47.644097,-122.346551,7.599999905,6,6,4.279310703,4/23/2012 6:42
25422,47.644073,-122.346511,7.900000095,7,7,4.279310703,4/23/2012 6:42
25422,47.644053,-122.346473,9.300000191,5,5,4.031128883,4/23/2012 6:42
25422,47.644002,-122.346404,9.300000191,5,5,4.031128883,4/23/2012 6:42
25422,47.643934,-122.346315,8.199999809,5,5,4.5,4/23/2012 6:42
25422,47.643886,-122.346245,8.699999809,5,5,4.5,4/23/2012 6:42
25422,47.643864,-122.346209,9.699999809,5,5,3.75,4/23/2012 6:42
25422,47.643842,-122.346177,9.899999619,5,5,4.527692795,4/23/2012 6:42
25422,47.643782,-122.346101,9.600000381,5,5,4.5,4/23/2012 6:42
25422,47.643757,-122.346059,9.300000191,5,5,4.5,4/23/2012 6:42
25422,47.643726,-122.346028,8.800000191,5,5,4.527692795,4/23/2012 6:42
25422,47.643695,-122.345993,9.5,5,5,4.031128883,4/23/2012 6:42
25422,47.643662,-122.345957,9.699999809,5,5,4.5,4/23/2012 6:42
25422,47.643521,-122.345829,10.10000038,5,5,4.25,4/23/2012 6:42
25422,47.643464,-122.34578,10.80000019,5,5,3.75,4/23/2012 6:42
25422,47.643429,-122.345746,11.80000019,5,5,4,4/23/2012 6:42
25422,47.643368,-122.345688,12.80000019,5,5,4.25,4/23/2012 6:42
25422,47.643343,-122.345664,13.60000038,5,5,3.640054941,4/23/2012 6:42
25422,47.643311,-122.345633,13.89999962,5,5,4.031128883,4/23/2012 6:42
25422,47.643242,-122.345585,15.30000019,5,5,4.279310703,4/23/2012 6:42
25422,47.64321,-122.345554,15.60000038,5,5,4.031128883,4/23/2012 6:42
25422,47.643183,-122.345526,15.60000038,5,5,3.75,4/23/2012 6:42
25422,47.643124,-122.345472,15.5,5,5,3.783186436,4/23/2012 6:42
25422,47.64305,-122.345421,14.30000019,5,5,4.75,4/23/2012 6:43
25422,47.643017,-122.345404,14,5,5,4.25,4/23/2012 6:43
25422,47.642952,-122.34535,14.5,5,5,4.25,4/23/2012 6:43
25422,47.642884,-122.345295,14.10000038,5,5,4.031128883,4/23/2012 6:43
25422,47.642825,-122.345242,14.80000019,5,5,4.527692795,4/23/2012 6:43
25422,47.642794,-122.345211,15.39999962,5,5,4.25,4/23/2012 6:43
25422,47.64276,-122.345176,15,5,5,4.25,4/23/2012 6:43
25422,47.642723,-122.34515,15,5,5,4.5,4/23/2012 6:43
25422,47.642654,-122.345097,15.19999981,5,5,4.5,4/23/2012 6:43
25422,47.642618,-122.345069,15,5,5,4.75,4/23/2012 6:43
25422,47.642551,-122.345009,15.19999981,5,5,4.279310703,4/23/2012 6:43
25422,47.642487,-122.344956,16,5,5,3.783186436,4/23/2012 6:43
25422,47.642425,-122.344917,16.39999962,5,5,4.279310703,4/23/2012 6:43
25422,47.642394,-122.3449,16.10000038,5,5,4,4/23/2012 6:43
25422,47.642321,-122.344876,15.80000019,5,5,4.25,4/23/2012 6:43
25422,47.64229,-122.34487,17,5,5,3.783186436,4/23/2012 6:43
25422,47.642247,-122.344865,16.70000076,5,5,4.5,4/23/2012 6:43
25422,47.64221,-122.344859,17.5,5,5,4,4/23/2012 6:43
25422,47.642106,-122.344842,17.39999962,5,5,4,4/23/2012 6:43
25422,47.64203,-122.344841,16.70000076,5,5,4,4/23/2012 6:43
25422,47.641965,-122.344836,18.5,5,5,3.881043673,4/23/2012 6:43
25422,47.641926,-122.344831,19.10000038,5,5,4.5,4/23/2012 6:43
25422,47.641893,-122.344824,20,5,5,3.783186436,4/23/2012 6:43
25422,47.641814,-122.344811,20.5,5,5,4.279310703,4/23/2012 6:43
25422,47.641776,-122.344809,20.89999962,5,5,4,4/23/2012 6:43
25422,47.641697,-122.344799,20.39999962,5,5,4.25,4/23/2012 6:43
25422,47.641659,-122.344791,19.89999962,5,5,4.031128883,4/23/2012 6:43
25422,47.641583,-122.344777,19.60000038,5,5,4.527692795,4/23/2012 6:43
25422,47.641511,-122.344766,20.5,5,5,4.25,4/23/2012 6:43
25422,47.641434,-122.344763,19.60000038,5,5,4.25,4/23/2012 6:43
25422,47.641396,-122.344755,19.60000038,5,5,4.031128883,4/23/2012 6:43
25422,47.641361,-122.344745,19.39999962,5,5,4.25,4/23/2012 6:43
25422,47.641291,-122.344743,19.10000038,5,5,4,4/23/2012 6:43
25422,47.641259,-122.344746,19.5,5,5,4,4/23/2012 6:43
25422,47.641219,-122.344732,20.70000076,5,5,4.527692795,4/23/2012 6:43
25422,47.641177,-122.344722,22.20000076,5,5,4.527692795,4/23/2012 6:43
25422,47.641108,-122.344712,24.5,5,5,4.123105526,4/23/2012 6:43
25422,47.64103,-122.344711,24.79999924,5,5,4.5,4/23/2012 6:43
25422,47.640984,-122.344703,24.70000076,5,5,4.527692795,4/23/2012 6:43
25422,47.640939,-122.344693,25,5,5,5.02493763,4/23/2012 6:44
25422,47.64089,-122.34468,24.29999924,5,5,5.02493763,4/23/2012 6:44
25422,47.640849,-122.344673,24.70000076,5,5,5.02493763,4/23/2012 6:44
25422,47.640801,-122.344662,25,5,5,4.75,4/23/2012 6:44
25422,47.640761,-122.344646,25.79999924,5,5,4.5,4/23/2012 6:44
25422,47.640572,-122.344581,24.60000038,5,5,6,4/23/2012 6:44
25422,47.64051,-122.344559,25,5,5,6.519202232,4/23/2012 6:44
25422,47.640454,-122.344544,24.20000076,5,5,6,4/23/2012 6:44
25422,47.640344,-122.344519,24.20000076,6,6,6,4/23/2012 6:44
25422,47.640289,-122.344491,23.89999962,5,5,6.020797253,4/23/2012 6:44
25422,47.640236,-122.344477,23.39999962,6,6,6.020797253,4/23/2012 6:44
25422,47.640195,-122.34444,23.60000038,6,6,5.25,4/23/2012 6:44
25422,47.640152,-122.344423,24,6,6,5.25,4/23/2012 6:44
25422,47.640078,-122.344416,24.10000038,5,5,6.269968033,4/23/2012 6:44
25422,47.639974,-122.344376,24.60000038,5,5,6,4/23/2012 6:44
25422,47.639864,-122.344343,26.20000076,5,5,6.5,4/23/2012 6:44
25422,47.63974,-122.3443,25.39999962,5,5,6.75,4/23/2012 6:44
25422,47.639624,-122.34427,25.5,5,5,6.519202232,4/23/2012 6:44
25422,47.639566,-122.344244,25.60000038,5,5,6.75,4/23/2012 6:44
25422,47.639439,-122.344183,26.89999962,5,5,6.670832157,4/23/2012 6:44
25422,47.639368,-122.344161,27.39999962,5,5,7.766112328,4/23/2012 6:44
25422,47.639251,-122.344109,28.29999924,5,5,7.75,4/23/2012 6:44
25422,47.639125,-122.344081,28.70000076,5,5,7.516648293,4/23/2012 6:44
25422,47.639063,-122.344062,27.79999924,5,5,7,4/23/2012 6:44
25422,47.638921,-122.344021,25.60000038,5,5,7.766112328,4/23/2012 6:44
25422,47.638861,-122.344004,25.79999924,5,5,7.25,4/23/2012 6:44
25422,47.63879,-122.343981,25.5,5,5,7.75,4/23/2012 6:44
25422,47.63866,-122.343944,25.29999924,5,5,7.516648293,4/23/2012 6:44
25422,47.638533,-122.343886,25.79999924,5,5,7.158910751,4/23/2012 6:44
25422,47.63839,-122.343827,24.20000076,5,5,8.265137672,4/23/2012 6:44
25422,47.638322,-122.343793,24.20000076,5,5,8.062257767,4/23/2012 6:44
25422,47.638249,-122.343751,24.10000038,5,5,8.764273643,4/23/2012 6:44
25422,47.638113,-122.343682,23,5,5,7.75,4/23/2012 6:44
25422,47.63798,-122.343611,23.20000076,5,5,7.5,4/23/2012 6:44
25422,47.637908,-122.343577,22.70000076,5,5,8.5,4/23/2012 6:44
25422,47.637828,-122.343534,22.10000038,5,5,8.5,4/23/2012 6:44
25422,47.637684,-122.343467,23.70000076,5,5,8.25,4/23/2012 6:44
25422,47.637548,-122.343394,23.79999924,5,5,8.015609741,4/23/2012 6:44
25422,47.637402,-122.343311,22.5,5,5,8.51469326,4/23/2012 6:44
25422,47.637324,-122.34327,21.20000076,5,5,8.5,4/23/2012 6:44
25422,47.637185,-122.343172,20.29999924,5,5,9.013877869,4/23/2012 6:45
25422,47.637115,-122.343122,20.79999924,5,5,9,4/23/2012 6:45
25422,47.637044,-122.343087,20.60000038,5,5,8.265137672,4/23/2012 6:45
25422,47.636968,-122.34304,20.20000076,5,5,9,4/23/2012 6:45
25422,47.63681,-122.342949,21.5,5,5,9.513149261,4/23/2012 6:45
25422,47.636732,-122.342901,21.29999924,5,5,9,4/23/2012 6:45
25422,47.63657,-122.342814,20.79999924,5,5,9.263504028,4/23/2012 6:45
25422,47.636418,-122.342716,21.10000038,5,5,9.263504028,4/23/2012 6:45
25422,47.636259,-122.342616,19.29999924,5,5,8.764273643,4/23/2012 6:45
25422,47.6361,-122.342527,16.60000038,5,5,9.263504028,4/23/2012 6:45
25422,47.635936,-122.342461,15.30000019,5,5,9.75,4/23/2012 6:45
25422,47.635766,-122.342403,15.89999962,5,5,9.75,4/23/2012 6:45
25422,47.635676,-122.342384,15.19999981,5,5,10.29866505,4/23/2012 6:45
25422,47.635498,-122.342358,15.19999981,5,5,9.5,4/23/2012 6:45
25422,47.635407,-122.342355,14.69999981,5,5,10.26218796,4/23/2012 6:45
25422,47.635225,-122.34235,14.19999981,5,5,10.01249218,4/23/2012 6:45
25422,47.63505,-122.342349,14.80000019,5,5,10,4/23/2012 6:45
25422,47.634962,-122.342347,16,5,5,9.513149261,4/23/2012 6:45
25422,47.634874,-122.342352,15.80000019,5,5,10.29866505,4/23/2012 6:45
25422,47.634687,-122.34234,16,5,5,10.25,4/23/2012 6:45
25422,47.634513,-122.342342,14.60000038,5,5,10.01249218,4/23/2012 6:45
25422,47.634331,-122.342339,12.19999981,5,5,9.801147461,4/23/2012 6:45
25422,47.634232,-122.342338,12.69999981,5,5,10.76162148,4/23/2012 6:45
25422,47.634034,-122.342326,11.89999962,5,5,10.01249218,4/23/2012 6:45
25422,47.633843,-122.342323,11.39999962,5,5,10.25,4/23/2012 6:45
25422,47.63365,-122.342346,10.19999981,5,5,10.76162148,4/23/2012 6:45
25422,47.633555,-122.342364,9.300000191,5,5,10.76162148,4/23/2012 6:45
25422,47.633469,-122.34237,8.199999809,5,5,10.79641151,4/23/2012 6:45
25422,47.633381,-122.342377,7.400000095,5,5,9.05538559,4/23/2012 6:45
25422,47.633297,-122.342377,6.900000095,5,5,10.25,4/23/2012 6:45
25422,47.633115,-122.342379,5.800000191,5,5,9.801147461,4/23/2012 6:45
25422,47.632952,-122.342378,4,5,5,9.762811661,4/23/2012 6:45
25422,47.632866,-122.342362,3.900000095,5,5,9.75,4/23/2012 6:45
25422,47.632688,-122.342374,2,5,5,9.762811661,4/23/2012 6:45
25422,47.632596,-122.342375,1.399999976,6,6,10.29866505,4/23/2012 6:45
25422,47.6325,-122.342373,1.5,6,6,10.51189804,4/23/2012 6:45
25422,47.632308,-122.342366,-1,6,6,10.26218796,4/23/2012 6:45
25422,47.632223,-122.342375,-0.800000012,6,6,9.762811661,4/23/2012 6:45
25422,47.632137,-122.342386,-1.100000024,6,6,9.762811661,4/23/2012 6:45
25422,47.632052,-122.342391,-1.200000048,6,6,10.01249218,4/23/2012 6:45
25422,47.631966,-122.342382,-0.5,6,6,9.75,4/23/2012 6:46
25422,47.631882,-122.342364,0.699999988,6,6,9.513149261,4/23/2012 6:46
25422,47.631792,-122.34235,1,5,5,10,4/23/2012 6:46
25422,47.631615,-122.342355,0.899999976,5,5,10,4/23/2012 6:46
25422,47.631441,-122.342351,1.200000048,5,5,9.75,4/23/2012 6:46
25422,47.631263,-122.342366,-0.899999976,5,5,9.864709854,4/23/2012 6:46
25422,47.6311,-122.34236,-2.5,5,5,8.877640724,4/23/2012 6:46
25422,47.630925,-122.342351,-3.400000095,5,5,9.513149261,4/23/2012 6:46
25422,47.630835,-122.342347,-4.300000191,5,5,9.55248642,4/23/2012 6:46
25422,47.63065,-122.342364,-5.5,6,6,10,4/23/2012 6:46
25422,47.630562,-122.342372,-4.400000095,6,6,9.75,4/23/2012 6:46
25422,47.630477,-122.342375,-3.599999905,7,7,9.75,4/23/2012 6:46
25422,47.630307,-122.342389,-4,8,8,9.263504028,4/23/2012 6:46
25422,47.630229,-122.342378,-3.299999952,7,7,8.51469326,4/23/2012 6:46
25422,47.630147,-122.342382,-3.799999952,7,7,8.75,4/23/2012 6:46
25422,47.62999,-122.342387,-2.5,6,6,8.5,4/23/2012 6:46
25422,47.629851,-122.342376,-1,5,5,7.766112328,4/23/2012 6:46
25422,47.62978,-122.342374,-0.5,5,5,8.5,4/23/2012 6:46
25422,47.629709,-122.342384,-0.600000024,5,5,8.265137672,4/23/2012 6:46
25422,47.629634,-122.342382,-1.200000048,5,5,8.25,4/23/2012 6:46
25422,47.629561,-122.342385,-1.200000048,5,5,8.25,4/23/2012 6:46
25422,47.629492,-122.342378,-1.299999952,5,5,7.318640709,4/23/2012 6:46
25422,47.629427,-122.342393,-2,5,5,7.017834187,4/23/2012 6:46
25422,47.629354,-122.342393,-2.400000095,5,5,8.015609741,4/23/2012 6:46
25422,47.629285,-122.342402,-3.400000095,5,5,7.516648293,4/23/2012 6:46
25422,47.62884,-122.342362,-4.900000095,10,10,6.020797253,4/23/2012 6:46
25422,47.62871,-122.342404,-6,8,8,6.75,4/23/2012 6:46
25422,47.628636,-122.34241,-5.900000095,8,8,7.5,4/23/2012 6:46
25422,47.628506,-122.342414,-6.099999905,8,8,6.75,4/23/2012 6:46
25422,47.628435,-122.342417,-6.199999809,8,8,7.25,4/23/2012 6:46
25422,47.628302,-122.342389,-6.599999905,10,10,6.670832157,4/23/2012 6:46
25422,47.628168,-122.342401,-7.300000191,14,14,7.318640709,4/23/2012 6:46
25422,47.628122,-122.342408,-8,16,16,6.020797253,4/23/2012 6:46
25422,47.628004,-122.342405,-7.300000191,18,18,6.5,4/23/2012 6:46
25422,47.62779,-122.342414,-6.300000191,18,18,8.75,4/23/2012 6:46
25422,47.62773,-122.342401,-5.199999809,18,18,8,4/23/2012 6:46
25422,47.627547,-122.342346,-4.5,16,16,8.5,4/23/2012 6:46
25422,47.627479,-122.342362,-2.700000048,14,14,7.267220974,4/23/2012 6:47
25422,47.627423,-122.342384,-1.899999976,14,14,6.020797253,4/23/2012 6:47
25422,47.62734,-122.342378,-0.600000024,11,11,5.27375555,4/23/2012 6:47
25422,47.627288,-122.342403,-0.100000001,11,11,4.75,4/23/2012 6:47
25422,47.627244,-122.342388,2.299999952,11,11,1.75,4/23/2012 6:47
25422,47.627255,-122.342361,1.799999952,11,11,0,4/23/2012 6:47
25422,47.627248,-122.342343,1.899999976,12,12,0,4/23/2012 6:47
25422,47.627257,-122.342347,3.799999952,12,12,0,4/23/2012 6:47
25422,47.627254,-122.342345,4.900000095,11,11,1.820027471,4/23/2012 6:47
25422,47.627194,-122.342343,5.199999809,9,9,4,4/23/2012 6:47
25422,47.62714,-122.342349,4.900000095,8,8,4.25,4/23/2012 6:47
25422,47.627093,-122.342349,4.5,8,8,4.5,4/23/2012 6:47
25422,47.626994,-122.342345,4.5,8,8,5.75,4/23/2012 6:47
25422,47.626945,-122.342354,4.300000191,8,8,6.020797253,4/23/2012 6:47
25422,47.6269,-122.342361,5.099999905,8,8,5.590169907,4/23/2012 6:47
25422,47.626789,-122.342375,5.199999809,7,7,6.519202232,4/23/2012 6:47
25422,47.626733,-122.342392,4.599999905,7,7,6.75,4/23/2012 6:47
25422,47.626614,-122.342411,3,7,7,7.017834187,4/23/2012 6:47
25422,47.6265,-122.342419,2,6,6,6.269968033,4/23/2012 6:47
25422,47.626439,-122.342418,1.200000048,6,6,7.017834187,4/23/2012 6:47
25422,47.626317,-122.342422,-0.699999988,6,6,6,4/23/2012 6:47
25422,47.626274,-122.342437,-1.5,5,5,6.519202232,4/23/2012 6:47
25422,47.626166,-122.342435,-2.299999952,5,5,6.269968033,4/23/2012 6:47
25422,47.626042,-122.342431,-2.599999905,5,5,7,4/23/2012 6:47
25422,47.625972,-122.342433,-3.400000095,5,5,7.25,4/23/2012 6:47
25422,47.625909,-122.342437,-2.5,5,5,7.017834187,4/23/2012 6:47
25422,47.625853,-122.342447,-1.299999952,5,5,6.576473236,4/23/2012 6:47
25422,47.625791,-122.342451,-0.800000012,5,5,7,4/23/2012 6:47
25422,47.625665,-122.342452,-0.600000024,5,5,6.75,4/23/2012 6:47
25422,47.625599,-122.342462,-0.400000006,5,5,7,4/23/2012 6:47
25422,47.625543,-122.342464,-0.5,6,6,6.5,4/23/2012 6:47
25422,47.625391,-122.342478,-1.600000024,5,5,6.768493176,4/23/2012 6:47
25422,47.625335,-122.342487,-1.700000048,5,5,7,4/23/2012 6:47
25422,47.625271,-122.342496,-2.5,5,5,6.768493176,4/23/2012 6:47
25422,47.62521,-122.3425,-4,5,5,6.75,4/23/2012 6:47
25422,47.625109,-122.342502,-3.599999905,5,5,6.25,4/23/2012 6:47
25422,47.624982,-122.342499,-2.900000095,5,5,6.25,4/23/2012 6:47
25422,47.624877,-122.342498,-1.5,5,5,5.5,4/23/2012 6:47
25422,47.624835,-122.342492,-1.200000048,5,5,5,4/23/2012 6:47
25422,47.624797,-122.34249,-1.299999952,5,5,4.279310703,4/23/2012 6:47
25422,47.624718,-122.342497,-3.099999905,5,5,3.25,4/23/2012 6:47
25422,47.624707,-122.342502,-3.299999952,5,5,1.346291184,4/23/2012 6:48
25422,47.624708,-122.342503,-3.299999952,5,5,0.559017003,4/23/2012 6:48
25422,47.624712,-122.34251,-3.299999952,5,5,0,4/23/2012 6:48
25422,47.624715,-122.342514,-4,5,5,0,4/23/2012 6:48
25422,47.624717,-122.342518,-4.300000191,5,5,0,4/23/2012 6:48
25422,47.624716,-122.342527,-5,5,5,0,4/23/2012 6:48
25422,47.624713,-122.34253,-4.800000191,5,5,0,4/23/2012 6:48
25422,47.62471,-122.342529,-4.699999809,5,5,0,4/23/2012 6:48
25422,47.624709,-122.342528,-4.699999809,5,5,0,4/23/2012 6:48
25422,47.62471,-122.342528,-4.599999905,5,5,0,4/23/2012 6:48
25422,47.62471,-122.342527,-4.599999905,5,5,0,4/23/2012 6:48
25422,47.624706,-122.342526,-4.5,5,5,1.5,4/23/2012 6:48
25422,47.624655,-122.342519,-5.599999905,5,5,3.75,4/23/2012 6:48
25422,47.624573,-122.34252,-4.900000095,5,5,5,4/23/2012 6:48
25422,47.624526,-122.342518,-3.099999905,5,5,4.854122162,4/23/2012 6:48
25422,47.624486,-122.342528,-2.599999905,5,5,4.854122162,4/23/2012 6:48
25422,47.624384,-122.342523,-2.900000095,5,5,5.75,4/23/2012 6:48
25422,47.624337,-122.34252,-3.200000048,5,5,6,4/23/2012 6:48
25422,47.624281,-122.342515,-3.200000048,5,5,6.020797253,4/23/2012 6:48
25422,47.624232,-122.342514,-2.900000095,5,5,5.75,4/23/2012 6:48
25422,47.62418,-122.342511,-4.099999905,5,5,5.75,4/23/2012 6:48
25422,47.624137,-122.342509,-4.400000095,5,5,6,4/23/2012 6:48
25422,47.624034,-122.342503,-4.599999905,5,5,6.020797253,4/23/2012 6:48
25422,47.623923,-122.3425,-3.900000095,5,5,5.5,4/23/2012 6:48
25422,47.623803,-122.342498,-3.700000048,5,5,6.5,4/23/2012 6:48
25422,47.623748,-122.3425,-3.599999905,5,5,5.75,4/23/2012 6:48
25422,47.623639,-122.3425,-4.5,5,5,6.269968033,4/23/2012 6:48
25422,47.623535,-122.342511,-5.599999905,5,5,6,4/23/2012 6:48
25422,47.623421,-122.342504,-5.900000095,5,5,6.25,4/23/2012 6:48
25422,47.623306,-122.3425,-4.300000191,5,5,6.25,4/23/2012 6:49
25422,47.623254,-122.342498,-3.400000095,5,5,5.771697998,4/23/2012 6:49
25422,47.623154,-122.3425,-2.200000048,5,5,5.771697998,4/23/2012 6:49
25422,47.623105,-122.342497,-0.5,5,5,5.771697998,4/23/2012 6:49
25422,47.622997,-122.342498,1,5,5,6.25,4/23/2012 6:49
25422,47.622958,-122.342499,1.799999952,5,5,5.02493763,4/23/2012 6:49
25422,47.62286,-122.342506,2.700000048,5,5,6,4/23/2012 6:49
25422,47.622801,-122.342504,3.099999905,5,5,6,4/23/2012 6:49
25422,47.622746,-122.342499,4.099999905,5,5,5.771697998,4/23/2012 6:49
25422,47.622694,-122.342501,3.5,5,5,5.75,4/23/2012 6:49
25422,47.62258,-122.342498,3.5,5,5,6.25,4/23/2012 6:49
25422,47.622522,-122.342495,5.099999905,5,5,6.269968033,4/23/2012 6:49
25422,47.622466,-122.342494,5.199999809,5,5,6,4/23/2012 6:49
25422,47.622404,-122.342486,4.400000095,5,5,6.519202232,4/23/2012 6:49
25422,47.622289,-122.342475,5.099999905,5,5,6.519202232,4/23/2012 6:49
25422,47.622224,-122.342473,6.099999905,5,5,6.269968033,4/23/2012 6:49
25422,47.622173,-122.342478,5.400000095,5,5,6,4/23/2012 6:49
25422,47.622122,-122.342477,5.300000191,5,5,5.75,4/23/2012 6:49
25422,47.622066,-122.342473,4.699999809,5,5,6.269968033,4/23/2012 6:49
25422,47.621964,-122.342483,5.599999905,5,5,6.25,4/23/2012 6:49
25422,47.621912,-122.342485,5,5,5,6,4/23/2012 6:49
25422,47.621801,-122.3425,4,5,5,6.020797253,4/23/2012 6:49
25422,47.621694,-122.342505,2.299999952,5,5,5.5,4/23/2012 6:49
25422,47.621644,-122.34251,2.700000048,5,5,5.5,4/23/2012 6:49
25422,47.621587,-122.342512,2.700000048,5,5,5.5,4/23/2012 6:49
25422,47.621482,-122.342511,3.099999905,5,5,6.823671818,4/23/2012 6:49
25422,47.621418,-122.342506,2.700000048,6,6,6.75,4/23/2012 6:49
25422,47.621314,-122.342524,1.600000024,5,5,6.020797253,4/23/2012 6:49
25422,47.621255,-122.342533,2,5,5,5.75,4/23/2012 6:49
25422,47.621196,-122.342532,2.799999952,6,6,6.020797253,4/23/2012 6:49
25422,47.621136,-122.342528,3.799999952,6,6,6.519202232,4/23/2012 6:49
25422,47.621086,-122.342534,4.599999905,5,5,5.5,4/23/2012 6:49
25422,47.621031,-122.342535,4.099999905,6,6,5.5,4/23/2012 6:49
25422,47.62093,-122.342526,5.099999905,5,5,6.519202232,4/23/2012 6:49
25422,47.620881,-122.342515,5.300000191,5,5,5.75,4/23/2012 6:49
25422,47.620816,-122.342505,6.699999809,5,5,6.5,4/23/2012 6:49
25422,47.620765,-122.342515,7.099999905,5,5,6.020797253,4/23/2012 6:49
25422,47.620709,-122.34252,7.699999809,5,5,5.590169907,4/23/2012 6:49
25422,47.620649,-122.342527,7.800000191,5,5,7,4/23/2012 6:49
25422,47.620594,-122.342525,8.199999809,5,5,6.25,4/23/2012 6:49
25422,47.620539,-122.342525,8.5,5,5,6.25,4/23/2012 6:49
25422,47.620483,-122.342524,9.600000381,5,5,6.519202232,4/23/2012 6:49
25422,47.620429,-122.342517,8.399999619,5,5,6.020797253,4/23/2012 6:49
25422,47.619999,-122.342538,8.300000191,6,6,5.75,4/23/2012 6:50
25422,47.619904,-122.342549,7.5,5,5,5.27375555,4/23/2012 6:50
25422,47.619852,-122.342563,7.699999809,5,5,5.344389439,4/23/2012 6:50
25422,47.619767,-122.342545,8,5,5,5.771697998,4/23/2012 6:50
25422,47.619676,-122.342539,8.800000191,5,5,5.27375555,4/23/2012 6:50
25422,47.619632,-122.342544,8.699999809,5,5,5.771697998,4/23/2012 6:50
25422,47.619583,-122.34254,8.300000191,5,5,5.522680283,4/23/2012 6:50
25422,47.619483,-122.342532,7.599999905,5,5,6.020797253,4/23/2012 6:50
25422,47.619432,-122.342529,7.400000095,5,5,5.5,4/23/2012 6:50
25422,47.619382,-122.342532,7.599999905,5,5,5.27375555,4/23/2012 6:50
25422,47.619339,-122.342525,6.900000095,5,5,5.522680283,4/23/2012 6:50
25422,47.619294,-122.342527,7.699999809,5,5,5.02493763,4/23/2012 6:50
25422,47.619248,-122.34253,8.399999619,5,5,5,4/23/2012 6:50
25422,47.619068,-122.342524,8.600000381,5,5,4.25,4/23/2012 6:50
25422,47.619024,-122.342524,9.399999619,5,5,4.279310703,4/23/2012 6:50
25422,47.618964,-122.342514,9,5,5,2.926174879,4/23/2012 6:50
25422,47.618894,-122.342497,11.10000038,5,5,4.031128883,4/23/2012 6:50
25422,47.61886,-122.342493,10.5,5,5,3.640054941,4/23/2012 6:50
25422,47.618825,-122.342501,10.60000038,5,5,3.75,4/23/2012 6:50
25422,47.618789,-122.342503,11.10000038,5,5,4.031128883,4/23/2012 6:50
25422,47.618715,-122.342506,11.89999962,5,5,3.75,4/23/2012 6:50
25422,47.618698,-122.342515,12.30000019,5,5,2,4/23/2012 6:50
25422,47.618678,-122.342503,12.80000019,5,5,1.75,4/23/2012 6:50
25422,47.618672,-122.342509,13,5,5,0,4/23/2012 6:50
25422,47.618672,-122.342514,13,5,5,0,4/23/2012 6:50
25422,47.618669,-122.342517,12.80000019,6,6,0,4/23/2012 6:50
25422,47.618657,-122.342524,12.80000019,6,6,0,4/23/2012 6:50
25422,47.618655,-122.34253,12.89999962,6,6,0,4/23/2012 6:50
25422,47.618644,-122.34253,12.69999981,6,6,0,4/23/2012 6:50
25422,47.61864,-122.342529,13.10000038,6,6,0,4/23/2012 6:50
25422,47.618638,-122.342531,13.19999981,6,6,0,4/23/2012 6:50
25422,47.618633,-122.342529,12.89999962,5,5,0,4/23/2012 6:50
25422,47.618632,-122.342528,13.39999962,5,5,0,4/23/2012 6:50
25422,47.618632,-122.342529,13.60000038,6,6,0,4/23/2012 6:50
25422,47.618631,-122.342528,13.69999981,5,5,0,4/23/2012 6:50
25422,47.61863,-122.342527,13.89999962,6,6,0,4/23/2012 6:51
25422,47.61863,-122.342528,13.89999962,6,6,0,4/23/2012 6:51
25422,47.61863,-122.342527,14,6,6,0,4/23/2012 6:51
25422,47.618629,-122.342527,14,6,6,0,4/23/2012 6:51
25422,47.618627,-122.342527,14.30000019,6,6,1,4/23/2012 6:51
25422,47.618616,-122.342533,14.39999962,5,5,1.75,4/23/2012 6:51
25422,47.618604,-122.342535,14.69999981,5,5,2.061552763,4/23/2012 6:51
25422,47.618543,-122.342534,13.19999981,5,5,4.279310703,4/23/2012 6:51
25422,47.61847,-122.342528,14.30000019,5,5,4.527692795,4/23/2012 6:51
25422,47.618427,-122.342522,15.30000019,5,5,4.527692795,4/23/2012 6:51
25422,47.618386,-122.342517,15.19999981,5,5,4.527692795,4/23/2012 6:51
25422,47.618294,-122.34253,13.30000019,5,5,5,4/23/2012 6:51
25422,47.618254,-122.342535,13,5,5,5,4/23/2012 6:51
25422,47.618156,-122.342534,13.10000038,5,5,5.25,4/23/2012 6:51
25422,47.618116,-122.342524,13.39999962,5,5,5.25,4/23/2012 6:51
25422,47.618068,-122.342498,14.60000038,5,5,5.5,4/23/2012 6:51
25422,47.61792,-122.342376,14.10000038,5,5,6,4/23/2012 6:51
25422,47.617828,-122.342255,13.19999981,5,5,6.25,4/23/2012 6:51
25422,47.617787,-122.342205,13.5,5,5,6.25,4/23/2012 6:51
25422,47.617754,-122.342149,13.5,5,5,6.25,4/23/2012 6:51
25422,47.61768,-122.342004,13.39999962,5,5,6.25,4/23/2012 6:51
25422,47.617644,-122.341931,12.19999981,5,5,6.519202232,4/23/2012 6:51
25422,47.617553,-122.341799,10.60000038,5,5,6.5,4/23/2012 6:51
25422,47.617511,-122.341746,10,5,5,6.020797253,4/23/2012 6:52
25422,47.61748,-122.341696,10.30000019,5,5,5.25,4/23/2012 6:52
25422,47.617427,-122.341609,9.800000191,5,5,4,4/23/2012 6:52
25422,47.617404,-122.341572,8.5,5,5,3.535533905,4/23/2012 6:52
25422,47.617376,-122.341549,8.899999619,5,5,4,4/23/2012 6:52
25422,47.617303,-122.341539,9.300000191,5,5,4.5,4/23/2012 6:52
25422,47.617263,-122.341538,10,5,5,4.5,4/23/2012 6:52
25422,47.617221,-122.341554,9.199999809,5,5,4.77624321,4/23/2012 6:52
25422,47.617161,-122.341613,10.19999981,5,5,4.527692795,4/23/2012 6:52
25422,47.617127,-122.341647,10.60000038,5,5,4.5,4/23/2012 6:52
25422,47.61705,-122.341749,11.5,5,5,3.75,4/23/2012 6:52
25422,47.616994,-122.341796,12.39999962,5,5,3.5,4/23/2012 6:52
25422,47.616967,-122.341824,12.5,5,5,3.5,4/23/2012 6:52
25422,47.616945,-122.341846,13,5,5,3.5,4/23/2012 6:52
25422,47.616909,-122.341895,13.5,5,5,2.795084953,4/23/2012 6:52
25422,47.616868,-122.341947,12.60000038,5,5,3.041381359,4/23/2012 6:52
25422,47.616836,-122.341991,12.10000038,5,5,2.25,4/23/2012 6:52
25422,47.616823,-122.342017,11.80000019,5,5,2.25,4/23/2012 6:52
25422,47.616804,-122.342049,12.60000038,5,5,1.5,4/23/2012 6:52
25422,47.616796,-122.342064,12.69999981,5,5,1.5,4/23/2012 6:52
25422,47.616794,-122.342076,13.30000019,5,5,1,4/23/2012 6:52
25422,47.616787,-122.34208,13,5,5,1,4/23/2012 6:52
25422,47.616775,-122.342093,11.5,5,5,1.346291184,4/23/2012 6:52
25422,47.616761,-122.342122,13.30000019,5,5,2.061552763,4/23/2012 6:52
25422,47.616744,-122.342138,13.89999962,5,5,2.5,4/23/2012 6:52
25422,47.616707,-122.342193,13.69999981,5,5,3,4/23/2012 6:52
25422,47.616672,-122.342247,16.70000076,5,5,3.400367737,4/23/2012 6:52
25422,47.616644,-122.342273,17.20000076,5,5,3.783186436,4/23/2012 6:52
25422,47.616617,-122.342302,17.60000038,5,5,3.783186436,4/23/2012 6:52
25422,47.616564,-122.342361,18.5,5,5,4.031128883,4/23/2012 6:52
25422,47.616507,-122.342432,18.10000038,5,5,3.5,4/23/2012 6:52
25422,47.616458,-122.342492,18.10000038,5,5,3.25,4/23/2012 6:52
25422,47.616438,-122.342527,18.29999924,5,5,3.25,4/23/2012 6:52
25422,47.616417,-122.342561,19,5,5,3.288236618,4/23/2012 6:52
25422,47.616396,-122.342588,18.20000076,5,5,2.75,4/23/2012 6:52
25422,47.616383,-122.342614,17.89999962,5,5,2.5,4/23/2012 6:52
25422,47.616366,-122.342636,18.10000038,5,5,2.5,4/23/2012 6:52
25422,47.61632,-122.342717,20,5,5,1.25,4/23/2012 6:52
25422,47.616302,-122.34274,20.39999962,5,5,1,4/23/2012 6:52
25422,47.616286,-122.342749,21.29999924,5,5,1,4/23/2012 6:53
25422,47.616278,-122.342754,21,5,5,0.75,4/23/2012 6:53
25422,47.616268,-122.342765,21.20000076,5,5,0,4/23/2012 6:53
25422,47.616272,-122.34276,21,5,5,0,4/23/2012 6:53
25422,47.616261,-122.342783,21.70000076,5,5,2.061552763,4/23/2012 6:53
25422,47.61624,-122.342803,20.60000038,5,5,2.75,4/23/2012 6:53
25422,47.616219,-122.342827,20.29999924,5,5,3,4/23/2012 6:53
25422,47.616168,-122.342886,20.10000038,5,5,3.288236618,4/23/2012 6:53
25422,47.61614,-122.342914,19.60000038,5,5,3.25,4/23/2012 6:53
25422,47.616079,-122.342952,19.89999962,5,5,3.783186436,4/23/2012 6:53
25422,47.616049,-122.342972,19.29999924,5,5,4,4/23/2012 6:53
25422,47.616015,-122.342983,19.70000076,5,5,3.783186436,4/23/2012 6:53
25422,47.615947,-122.34297,20.60000038,5,5,4.031128883,4/23/2012 6:53
25422,47.615884,-122.342898,21.60000038,5,5,4.25,4/23/2012 6:53
25422,47.615836,-122.342809,21.89999962,5,5,5.02493763,4/23/2012 6:53
25422,47.615805,-122.342754,22.10000038,5,5,5.25,4/23/2012 6:53
25422,47.615747,-122.342663,21.89999962,9,9,4.75,4/23/2012 6:53
25422,47.615677,-122.342537,20.60000038,8,8,5.522680283,4/23/2012 6:53
25422,47.615604,-122.34246,21,8,8,5,4/23/2012 6:53
25422,47.615565,-122.342415,21.29999924,9,9,5,4/23/2012 6:53
25422,47.615519,-122.342327,20.20000076,8,8,5,4/23/2012 6:53
25422,47.615494,-122.342266,20.70000076,8,8,5.02493763,4/23/2012 6:53
25422,47.615444,-122.342186,20.60000038,7,7,4,4/23/2012 6:53
25422,47.61542,-122.342155,20.29999924,7,7,3.783186436,4/23/2012 6:53
25422,47.615417,-122.342134,20.29999924,7,7,2.5,4/23/2012 6:53
25422,47.615395,-122.342096,20.10000038,7,7,1.5,4/23/2012 6:53
25422,47.615386,-122.342089,20.20000076,7,7,1.118034005,4/23/2012 6:53
25422,47.615372,-122.342061,20.29999924,7,7,1.25,4/23/2012 6:53
25422,47.615369,-122.342035,21.29999924,8,8,1.25,4/23/2012 6:53
25422,47.615361,-122.342019,21.5,8,8,1.25,4/23/2012 6:53
25422,47.615356,-122.341989,22,11,11,1,4/23/2012 6:53
25422,47.615335,-122.341928,22.39999962,11,11,2,4/23/2012 6:53
25422,47.615282,-122.341875,22.10000038,11,11,2.5,4/23/2012 6:53
25422,47.615271,-122.341849,23.70000076,10,10,2.75,4/23/2012 6:53
25422,47.615244,-122.341809,24.20000076,8,8,3.288236618,4/23/2012 6:53
25422,47.615209,-122.341756,25.60000038,7,7,3.400367737,4/23/2012 6:53
25422,47.615201,-122.341718,25.89999962,7,7,3.400367737,4/23/2012 6:53
25422,47.615142,-122.341603,23.89999962,6,6,5,4/23/2012 6:53
25422,47.61511,-122.341553,23.60000038,5,5,5,4/23/2012 6:54
25422,47.61503,-122.34143,23,5,5,6,4/23/2012 6:54
25422,47.614997,-122.341357,23.89999962,5,5,5.70087719,4/23/2012 6:54
25422,47.614957,-122.341289,24,5,5,6.020797253,4/23/2012 6:54
25422,47.614879,-122.341147,24.29999924,5,5,7.017834187,4/23/2012 6:54
25422,47.614799,-122.340996,24,6,6,7,4/23/2012 6:54
25422,47.614754,-122.340929,23.20000076,5,5,7.516648293,4/23/2012 6:54
25422,47.614657,-122.34077,22.70000076,5,5,8.015609741,4/23/2012 6:54
25422,47.614607,-122.340693,23,5,5,8.015609741,4/23/2012 6:54
25422,47.614503,-122.340539,24.5,5,5,7.267220974,4/23/2012 6:54
25422,47.614414,-122.340369,26,5,5,8.5,4/23/2012 6:54
25422,47.614359,-122.340283,25.5,5,5,8.5,4/23/2012 6:54
25422,47.614286,-122.340198,24.89999962,5,5,8.75,4/23/2012 6:54
25422,47.614249,-122.340136,24.29999924,6,6,7.75,4/23/2012 6:54
25422,47.614207,-122.340037,25.5,6,6,7.814249992,4/23/2012 6:54
25422,47.614105,-122.339891,26,6,6,8.25,4/23/2012 6:54
25422,47.614054,-122.339807,25.70000076,5,5,8.51469326,4/23/2012 6:54
25422,47.613973,-122.339642,23.89999962,5,5,8.75,4/23/2012 6:54
25422,47.613873,-122.3395,23.79999924,11,11,8.25,4/23/2012 6:54
25422,47.613825,-122.339316,22,17,17,7.75,4/23/2012 6:54
25422,47.613732,-122.339137,25.20000076,13,13,8.265137672,4/23/2012 6:54
25422,47.613644,-122.338996,26.60000038,16,16,7.75,4/23/2012 6:54
25422,47.613542,-122.338731,26.5,18,18,9,4/23/2012 6:54
25422,47.61347,-122.338504,26.39999962,18,18,8.75,4/23/2012 6:54
25422,47.613429,-122.338378,26.5,18,18,9,4/23/2012 6:54
25422,47.613338,-122.338298,25.20000076,22,22,9.5,4/23/2012 6:54
25422,47.613175,-122.338183,22.70000076,22,22,8.75,4/23/2012 6:54
25422,47.613144,-122.338074,21.89999962,19,19,8.75,4/23/2012 6:54
25422,47.61302,-122.337923,20,15,15,9,4/23/2012 6:54
25422,47.612974,-122.337838,19.5,15,15,8.5,4/23/2012 6:54
25422,47.61292,-122.337749,19.79999924,15,15,8.51469326,4/23/2012 6:54
25422,47.612872,-122.337679,19.39999962,17,17,8.265137672,4/23/2012 6:54
25422,47.612813,-122.337474,19.39999962,18,18,8,4/23/2012 6:54
25422,47.61265,-122.33735,20.60000038,17,17,8.015609741,4/23/2012 6:54
25422,47.612535,-122.337262,20.60000038,23,23,7.5,4/23/2012 6:54
25422,47.612381,-122.337178,20.5,25,25,8.015609741,4/23/2012 6:54
25422,47.612223,-122.337181,20.5,27,27,7.5,4/23/2012 6:54
25422,47.612155,-122.337204,20.29999924,26,26,7.267220974,4/23/2012 6:54
25422,47.612029,-122.337202,20.10000038,26,26,7.516648293,4/23/2012 6:55
25422,47.612,-122.337144,20.70000076,26,26,6.5,4/23/2012 6:55
25422,47.61186,-122.336962,20.39999962,25,25,7,4/23/2012 6:55
25422,47.611734,-122.336694,19.89999962,27,27,7.5,4/23/2012 6:55
25422,47.611728,-122.336572,22.20000076,21,21,6.768493176,4/23/2012 6:55
25422,47.611663,-122.336608,21.60000038,16,16,6.020797253,4/23/2012 6:55
25422,47.611632,-122.336643,21.29999924,15,15,5.75,4/23/2012 6:55
25422,47.611563,-122.336732,20.39999962,15,15,4.5,4/23/2012 6:55
25422,47.611535,-122.336765,21.10000038,17,17,4.25,4/23/2012 6:55
25422,47.611517,-122.336817,24.20000076,16,16,4.031128883,4/23/2012 6:55
25422,47.611496,-122.336872,24.60000038,16,16,4.031128883,4/23/2012 6:55
25422,47.61148,-122.336969,24.39999962,19,19,3.75,4/23/2012 6:55
25422,47.611508,-122.337043,23.39999962,20,20,3.5,4/23/2012 6:55
25422,47.611553,-122.337056,22.89999962,20,20,2.5,4/23/2012 6:55
25422,47.611554,-122.337095,24.10000038,20,20,2.25,4/23/2012 6:55
25422,47.611555,-122.337144,25.70000076,15,15,1.75,4/23/2012 6:55
25422,47.611543,-122.337158,24.79999924,13,13,1.75,4/23/2012 6:55
25422,47.611514,-122.337164,24.10000038,12,12,1.75,4/23/2012 6:55
25422,47.611491,-122.337209,24.39999962,11,11,2.795084953,4/23/2012 6:55
25422,47.611453,-122.337231,23.39999962,10,10,3.288236618,4/23/2012 6:55
25422,47.61144,-122.337257,24,9,9,3.75,4/23/2012 6:55
25422,47.611411,-122.337294,24,8,8,4.031128883,4/23/2012 6:55
25422,47.611388,-122.337347,25,8,8,4.031128883,4/23/2012 6:55
25422,47.611212,-122.33773,28.20000076,10,10,4.609772205,4/23/2012 6:55
25422,47.611189,-122.337777,28.39999962,11,11,4.527692795,4/23/2012 6:55
25422,47.611131,-122.337894,25.79999924,10,10,5.27375555,4/23/2012 6:55
25422,47.611083,-122.338018,26.20000076,8,8,5.02493763,4/23/2012 6:55
25422,47.611058,-122.338076,25.60000038,8,8,5.02493763,4/23/2012 6:55
25422,47.610998,-122.338182,27.79999924,7,7,5.02493763,4/23/2012 6:55
25422,47.610986,-122.338238,28.60000038,8,8,4.527692795,4/23/2012 6:55
25422,47.610932,-122.338375,27.89999962,8,8,5,4/23/2012 6:55
25422,47.610898,-122.338416,26,8,8,5.27375555,4/23/2012 6:55
25422,47.610846,-122.338549,25.70000076,9,9,5,4/23/2012 6:55
25422,47.610833,-122.338591,27.10000038,9,9,4.123105526,4/23/2012 6:55
25422,47.610776,-122.338662,29.10000038,8,8,5.153882027,4/23/2012 6:55
25422,47.610656,-122.338641,30.29999924,7,7,6,4/23/2012 6:55
25422,47.610599,-122.338609,30.89999962,11,11,6.25,4/23/2012 6:55
25422,47.610482,-122.338548,32.40000153,16,16,6.75,4/23/2012 6:55
25422,47.610325,-122.338472,33.90000153,20,20,8,4/23/2012 6:55
25422,47.610278,-122.338444,34.29999924,22,22,7.25,4/23/2012 6:56
25422,47.610195,-122.338368,35.20000076,35,35,5.75,4/23/2012 6:56
25422,47.610141,-122.338285,36.70000076,39,39,6.269968033,4/23/2012 6:56
25422,47.610015,-122.338224,38.5,27,27,5.942431927,4/23/2012 6:56
25422,47.609885,-122.338146,38.20000076,22,22,5.771697998,4/23/2012 6:56
25422,47.609775,-122.337998,39.90000153,20,20,6.04152298,4/23/2012 6:56
25422,47.609681,-122.337842,42,18,18,7.75,4/23/2012 6:56
25422,47.609657,-122.33777,40.20000076,15,15,7.5,4/23/2012 6:56
25422,47.609601,-122.337723,39.09999847,13,13,7.5,4/23/2012 6:56
25422,47.609541,-122.337656,39.90000153,10,10,8.25,4/23/2012 6:56
25422,47.609431,-122.337533,40.79999924,8,8,8.265137672,4/23/2012 6:56
25422,47.609362,-122.337468,39.29999924,7,7,8.31038475,4/23/2012 6:56
25422,47.609246,-122.33738,37.40000153,10,10,7.516648293,4/23/2012 6:56
25422,47.609204,-122.337355,35.40000153,14,14,7.017834187,4/23/2012 6:56
25422,47.609122,-122.337307,32,20,20,6.519202232,4/23/2012 6:56
25422,47.609074,-122.337267,31.60000038,22,22,6.75,4/23/2012 6:56
25422,47.609033,-122.337138,30.89999962,22,22,7.25,4/23/2012 6:56
25422,47.608943,-122.336982,28.60000038,15,15,7,4/23/2012 6:56
25422,47.608881,-122.336934,31.79999924,10,10,7.75,4/23/2012 6:56
25422,47.608827,-122.336851,32.79999924,8,8,8,4/23/2012 6:56
25422,47.608704,-122.336731,33.20000076,6,6,7.75,4/23/2012 6:56
25422,47.608583,-122.336617,35,6,6,7.766112328,4/23/2012 6:56
25422,47.608527,-122.336562,35.20000076,6,6,7.566372871,4/23/2012 6:56
25422,47.608466,-122.336507,35.90000153,8,8,7.516648293,4/23/2012 6:56
25422,47.608407,-122.33646,34,9,9,8.062257767,4/23/2012 6:56
25422,47.608279,-122.336338,33.70000076,10,10,8,4/23/2012 6:56
25422,47.608156,-122.336235,33.79999924,12,12,7.75,4/23/2012 6:56
25422,47.608102,-122.336193,33.29999924,14,14,7.25,4/23/2012 6:56
25422,47.607965,-122.336111,33.90000153,21,21,7.75,4/23/2012 6:56
25422,47.607856,-122.336081,33.20000076,23,23,7,4/23/2012 6:56
25422,47.607656,-122.335959,32.90000153,23,23,9,4/23/2012 6:56
25422,47.607592,-122.335926,32.59999847,24,24,8.75,4/23/2012 6:56
25422,47.607529,-122.335845,32.40000153,26,26,6.75,4/23/2012 6:56
25422,47.60753,-122.335765,32.59999847,25,25,6.25,4/23/2012 6:56
25422,47.607445,-122.335651,31.5,29,29,4.75,4/23/2012 6:56
25422,47.607416,-122.335565,32.40000153,28,28,4,4/23/2012 6:56
25422,47.607407,-122.335556,32.29999924,27,27,3.25,4/23/2012 6:56
25422,47.607431,-122.335523,35.5,24,24,3.400367737,4/23/2012 6:56
25422,47.607372,-122.335531,36.59999847,23,23,2.46221447,4/23/2012 6:56
25422,47.607292,-122.335519,36,23,23,1.5,4/23/2012 6:56
25422,47.607296,-122.335499,35.70000076,30,30,1,4/23/2012 6:57
25422,47.607329,-122.335468,34.20000076,28,28,0,4/23/2012 6:57
25422,47.607325,-122.33544,34,30,30,0,4/23/2012 6:57
25422,47.607329,-122.335438,34,28,28,0,4/23/2012 6:57
25422,47.607322,-122.335432,34.29999924,28,28,0,4/23/2012 6:57
25422,47.607307,-122.335455,34.40000153,29,29,0,4/23/2012 6:57
25422,47.607295,-122.335472,35,29,29,0,4/23/2012 6:57
25422,47.607281,-122.335489,34.79999924,31,31,1.820027471,4/23/2012 6:57
25422,47.607263,-122.335645,36.29999924,22,22,4,4/23/2012 6:57
25422,47.607239,-122.335783,40.20000076,16,16,4.77624321,4/23/2012 6:57
25422,47.607212,-122.335837,39.90000153,16,16,4.77624321,4/23/2012 6:57
25422,47.607198,-122.33591,38,13,13,5.590169907,4/23/2012 6:57
25422,47.607157,-122.336014,36.20000076,11,11,5.344389439,4/23/2012 6:57
25422,47.607148,-122.33609,34.59999847,11,11,4.92442894,4/23/2012 6:57
25422,47.607129,-122.336147,34.79999924,11,11,5.27375555,4/23/2012 6:57
25422,47.607067,-122.336252,32,11,11,6.184658527,4/23/2012 6:57
25422,47.607028,-122.336309,30.79999924,12,12,5.099019527,4/23/2012 6:57
25422,47.606999,-122.336373,30.29999924,13,13,5.02493763,4/23/2012 6:57
25422,47.606973,-122.336493,30.89999962,17,17,5.099019527,4/23/2012 6:57
25422,47.606971,-122.336548,31.29999924,19,19,4.279310703,4/23/2012 6:57
25422,47.606964,-122.3366,32.40000153,22,22,4.031128883,4/23/2012 6:57
25422,47.606889,-122.33658,31.89999962,23,23,3.288236618,4/23/2012 6:57
25422,47.606842,-122.336572,41.5,18,18,3.132491112,4/23/2012 6:57
25422,47.606788,-122.336597,42.09999847,20,20,2.46221447,4/23/2012 6:57
25422,47.606775,-122.336609,42.09999847,24,24,2.061552763,4/23/2012 6:57
25422,47.60678,-122.336624,43.20000076,28,28,1.581138849,4/23/2012 6:57
25422,47.606786,-122.336595,44.29999924,39,39,0.5,4/23/2012 6:57
25422,47.606787,-122.336556,44.79999924,40,40,0,4/23/2012 6:57
25422,47.606821,-122.336521,47.90000153,32,32,1.600781083,4/23/2012 6:57
25422,47.606807,-122.336447,48.59999847,31,31,0.5,4/23/2012 6:57
25422,47.6068,-122.33642,49.5,31,31,0.707106769,4/23/2012 6:57
25422,47.606798,-122.336426,50,32,32,0.707106769,4/23/2012 6:57
25422,47.606792,-122.33639,50,32,32,0.25,4/23/2012 6:57
25422,47.606782,-122.336349,50.70000076,31,31,0,4/23/2012 6:57
25422,47.606789,-122.336346,50.79999924,31,31,0,4/23/2012 6:57
25422,47.606785,-122.336343,51.09999847,31,31,0,4/23/2012 6:57
25422,47.606791,-122.336343,51.20000076,27,27,0,4/23/2012 6:57
