,avgspeedbinId,roadtypeId,hourId,sov_vmt,hov2_vmt,hov3_vmt,tnc_vmt,bus_vmt,medium_truck_vmt,heavy_truck_vmt
0,1,0,5,0.0,0.0,0.0,0,0.0,0.0,0.0
1,1,0,6,0.0,0.0,0.0,0,0.0,0.0,0.0
2,1,0,7,0.0,0.0,0.0,0,0.0,0.0,0.0
3,1,0,8,0.0,0.0,0.0,0,0.0,0.0,0.0
4,1,0,9,0.0,0.0,0.0,0,0.0,0.0,0.0
5,1,0,10,0.0,0.0,0.0,0,0.0,0.0,0.0
6,1,0,14,0.0,0.0,0.0,0,0.0,0.0,0.0
7,1,0,15,0.0,0.0,0.0,0,0.0,0.0,0.0
8,1,0,16,0.0,0.0,0.0,0,0.0,0.0,0.0
9,1,0,17,0.0,0.0,0.0,0,0.0,0.0,0.0
10,1,0,18,0.0,0.0,0.0,0,0.0,0.0,0.0
11,1,0,20,0.0,0.0,0.0,0,0.0,0.0,0.0
12,1,3,5,0.0,0.0,0.0,0,0.0,0.0,0.0
13,1,3,6,0.0,0.0,0.0,0,0.0,0.0,0.0
14,1,3,7,5.958334631422932,1.0736255416368143,0.5462027099277086,0,0.0,0.29041843851072063,0.01644489469982679
15,1,3,8,5.558128371543686,1.2447347353856029,0.6104183137095964,0,0.0,0.2646785450298202,0.01488283408801727
16,1,3,9,4.331863043225791,1.3821759370928652,0.6344197393381813,0,0.0,0.23850850173264646,0.014676396914170638
17,1,3,10,18.28596765504561,6.090874402126256,2.717590343079169,0,0.0,1.0521670756175001,0.07074527729852162
18,1,3,14,4.853471386741939,1.3426341752523105,0.595310323580523,0,0.0,0.2552547207959903,0.019129867913656166
19,1,3,15,6.383377052382013,1.890169680959061,0.8271154426962666,0,0.0,0.23491222325378971,0.018204300466287675
20,1,3,16,7.410212061723427,1.7459701234053568,0.7859021552952775,0,0.0,0.17122541304413044,0.01438697517643212
21,1,3,17,7.528084532402998,1.591012762675192,0.800691317185843,0,0.0,0.12275297340095159,0.0108849121197719
22,1,3,18,9.409317891679994,2.7363806921657914,1.2615152116798019,0,0.0,0.11754968397272016,0.0112764232568658
23,1,3,20,0.0,0.0,0.0,0,0.0,0.0,0.0
24,1,5,5,10.138792744670715,1.427976169278585,0.6616382886565461,0,0.0,0.31599370227243845,0.31312757046191064
25,1,5,6,31.440128487661887,4.9478294719484,2.934695976938705,0,0.0037000000011174,0.8201107103231007,0.6753443455649696
26,1,5,7,73.73995525254406,12.170899711326001,6.573910300155673,0,0.0389480001758782,2.488283639725773,1.518367883895455
27,1,5,8,65.86644816242897,12.82970838145086,6.965571694651784,0,0.046863000607117795,2.27070685211708,1.5446599438987538
28,1,5,9,39.14884917246691,10.057661736084002,4.858415993677342,0,0.011615000432357,1.970799342940413,2.0556312950209996
29,1,5,10,168.26551436999455,47.82117768789302,21.573335759204223,0,0.046460001729428,14.260098491115594,22.002749602213456
30,1,5,14,27.30776673083881,7.103008605937577,3.2610590796581125,0,0.011615000432357,1.2591494204246665,1.332135364889728
31,1,5,15,53.988225317918676,13.080671368327954,5.992436349394691,0,0.0180860001128165,2.7571283210248114,4.482094679234521
32,1,5,16,126.22881968101969,25.823351450484743,12.626754884815677,0,0.026001000544056102,3.4725962529359604,3.8164433533463287
33,1,5,17,126.11556658058834,23.319487101760757,12.043122414341726,0,0.026001000544056102,2.336985721637895,2.5627234335416724
34,1,5,18,62.172782282180776,16.39952966166313,7.916901243189052,0,0.0195300008635966,0.9368654276903974,1.13849216450363
35,1,5,20,38.681055177279184,7.148143912157961,3.640361563287043,0,0.008325000002514151,0.6049304723468357,0.7608648355530865
36,2,0,5,0.0,0.0,0.0,0,0.0,0.0,0.0
37,2,0,6,0.0,0.0,0.0,0,0.0,0.0,0.0
38,2,0,7,0.0,0.0,0.0,0,0.0,0.0,0.0
39,2,0,8,0.0,0.0,0.0,0,0.0,0.0,0.0
40,2,0,9,0.0,0.0,0.0,0,0.0,0.0,0.0
41,2,0,10,0.0,0.0,0.0,0,0.0,0.0,0.0
42,2,0,14,0.0,0.0,0.0,0,0.0,0.0,0.0
43,2,0,15,0.0,0.0,0.0,0,0.0,0.0,0.0
44,2,0,16,0.0,0.0,0.0,0,0.0,0.0,0.0
45,2,0,17,0.0,0.0,0.0,0,0.0,0.0,0.0
46,2,0,18,0.0,0.0,0.0,0,0.0,0.0,0.0
47,2,0,20,0.0,0.0,0.0,0,0.0,0.0,0.0
48,2,3,5,23.031575464972885,4.23004273048424,1.9916811272020793,0,0.0,0.545699339884422,0.39197720969965566
49,2,3,6,57.43259930462095,9.89427834698854,6.647783744706361,0,0.0,1.3443421782099532,0.8966075800143861
50,2,3,7,78.56015960286614,15.29492965325223,7.412995892107732,0,0.0,1.482476288813054,1.170750317945342
51,2,3,8,86.9441220588012,20.229082410701512,9.996942913359328,0,0.0,1.6417894245771496,1.158548568608639
52,2,3,9,58.75755294925339,15.606363141570753,6.22619875890374,0,0.0,1.3536434316476154,1.152054836304885
53,2,3,10,227.4580231255386,61.311724097781976,23.436863881888833,0,0.0,8.012095335974571,6.540931475424653
54,2,3,14,54.92161532955363,13.495118623226297,6.2862345151052414,0,0.0,1.9018660201588178,1.527039979742309
55,2,3,15,59.144979924053025,16.443700995966633,6.461956457737595,0,0.0,1.6016983250734675,1.3112654381129019
56,2,3,16,95.72550042807931,24.859385246714993,10.136141915600886,0,0.0586149990558624,1.7100863776389867,0.9145152542398246
57,2,3,17,67.18275911216617,16.633006583728125,7.32251622816065,0,0.0,0.902735719905593,0.639747482488663
58,2,3,18,75.37315363253234,19.711969453197163,8.727126908518807,0,0.0,0.7081023425482391,0.5871547617206817
59,2,3,20,80.74894820396082,16.09770262356684,7.814200021435223,0,0.0,1.391722909489371,0.8453337955750312
60,2,4,16,205.99582097003804,16.652401816501197,7.411273000432743,0,0.0,1.9553771246526708,1.0961955166466453
61,2,4,17,212.4554074552634,11.981599723355316,9.126026073584512,0,0.0,1.2586336189450262,0.6862562151209772
62,2,5,5,160.36446496837775,23.061786883019284,13.482762995349658,0,0.6812440007925018,11.775917935182203,12.612575416356822
63,2,5,6,751.5534681669086,112.79224341125999,66.34007305354024,0,1.6617260030470753,32.83321449838388,24.38749973799413
64,2,5,7,1772.0414567713492,284.9475114454995,161.5450544625007,0,2.8389069908298503,74.29917215914377,38.99292788078933
65,2,5,8,1450.9052324468519,281.6988510180923,140.55236001419146,0,2.7352869869209777,65.55261843847565,36.55798147009288
66,2,5,9,724.7671950091984,191.42700828189538,84.67797315510859,0,1.7433569976128598,41.86602867599253,30.861012189250587
67,2,5,10,2277.0801154898945,658.4211300840402,286.93261578116244,0,7.139532148377102,172.12949399238028,122.8007690710202
68,2,5,14,554.3906808718174,156.09728725710346,68.2192980989396,0,1.8947809995152012,40.736216365145616,32.663236737928095
69,2,5,15,913.5533061064607,210.2525322953936,100.35856279654273,0,3.0522219836711817,43.29600866791715,27.85114181626485
70,2,5,16,1609.9226527740695,318.869165711728,158.93622909111136,0,3.5368809811770845,44.409693580835054,36.856112481917215
71,2,5,17,1641.8930388191552,310.16580182855347,156.77844288459778,0,3.274761977605515,30.094869309806633,26.070645733486206
72,2,5,18,964.8853275727893,262.1932058274516,123.46177068173603,0,3.396529991179697,18.161011089742384,15.314039764167244
73,2,5,20,638.3577110962885,159.23248852636274,72.7645447367201,0,1.891510501038278,24.808167467321653,28.3635713569069
74,3,0,5,0.0,0.0,0.0,0,0.0,0.0,0.0
75,3,0,6,0.0,0.0,0.0,0,0.0,0.0,0.0
76,3,0,7,0.0,0.0,0.0,0,0.0,0.0,0.0
77,3,0,8,0.0,0.0,0.0,0,0.0,0.0,0.0
78,3,0,9,0.0,0.0,0.0,0,0.0,0.0,0.0
79,3,0,10,0.0,0.0,0.0,0,0.0,0.0,0.0
80,3,0,14,0.0,0.0,0.0,0,0.0,0.0,0.0
81,3,0,15,0.0,0.0,0.0,0,0.0,0.0,0.0
82,3,0,16,0.0,0.0,0.0,0,0.0,0.0,0.0
83,3,0,17,0.0,0.0,0.0,0,0.0,0.0,0.0
84,3,0,18,0.0,0.0,0.0,0,0.0,0.0,0.0
85,3,0,20,0.0,0.0,0.0,0,0.0,0.0,0.0
86,3,3,5,20.558809459257507,3.6447033805528255,1.9287953224519467,0,0.0,0.9478540743505529,0.3675155838886816
87,3,3,6,150.35103738404192,27.518870289938896,16.092010120635823,0,0.1929909996688364,3.0472096384425753,1.3170983640484963
88,3,3,7,596.9149169532405,116.08906390317824,58.55371489595932,0,0.1331170015037058,18.4394337608064,3.941346967083183
89,3,3,8,300.23998654406296,76.59024288472312,35.61031825014908,0,0.1331170015037058,10.11751346587666,2.5631291017927618
90,3,3,9,254.13664451663627,70.9604615621148,28.515375963295966,0,0.1824720017611978,7.29771326394405,2.426106264496548
91,3,3,10,970.0308434136094,281.85838558440054,104.72869126578844,0,0.838064253469354,32.77076662804015,7.360139651489931
92,3,3,14,206.70971047668817,59.64982124147185,23.83065923530161,0,0.1331170015037058,6.162839418528776,1.3623263173568918
93,3,3,15,344.5799239536165,90.98312894808686,38.44538095833388,0,0.3548390008509156,8.608396629110471,3.9958287375210917
94,3,3,16,473.72011427148624,119.94125505605197,50.3227455093142,0,0.3893720041960474,7.777297759353885,3.8973622805900034
95,3,3,17,444.3633635452931,103.5363243377112,49.45269016161645,0,0.3434950020164248,4.489111673283057,2.103173840474887
96,3,3,18,500.441354344608,139.2429124256918,61.84002918047129,0,0.0688140019774436,4.7902033325348015,2.0764797995500333
97,3,3,20,244.06801514976456,43.73323437490743,17.808432112146694,0,0.0,2.987760379586897,1.028637988757776
98,3,4,6,268.93656928737255,49.976447114154325,22.36173427747576,0,1.180799961090088,12.457439814720146,1.016866468872422
99,3,4,7,456.3036786849034,82.75698929613282,45.63662382192081,0,2.551519989967346,24.156934422499376,5.589471803401806
100,3,4,8,435.04380155196304,77.70427019545127,43.755504958280824,0,3.263199985027313,25.856577339611135,8.545797439098806
101,3,4,9,235.6498605453744,54.480978881003466,19.130703471164452,0,1.4759999513626099,19.727522213705015,4.200877309844714
102,3,4,10,2509.549989372892,378.56276281389,150.39381237171438,0,0.0,72.25737093181715,80.30970180521354
103,3,4,14,688.336917532657,97.78431420585093,40.83293236365398,0,0.0,10.852929805635881,16.618408749891614
104,3,4,15,896.8859203818691,115.16208327620255,51.55045459404413,0,2.6110760867595664,15.960767116899772,19.868007632060937
105,3,4,16,571.9060535641825,94.6885506964438,38.77255203850832,0,2.4102240800857535,7.918263279612679,3.9476807163137897
106,3,4,17,580.4389552467464,93.1193602118789,43.510951984009864,0,2.209372073411941,5.3057119462015745,2.9388002032059286
107,3,4,18,723.6044173355948,94.05694462156589,34.47768851384035,0,0.0,2.610504317494531,1.0559358407135733
108,3,4,20,689.7390784415328,76.07490052913634,31.035391862972112,0,0.0,0.0,0.0
109,3,5,5,713.6399236934058,109.76506096364196,64.15386571825238,0,7.1284770108759306,42.68123775183634,15.445681652709599
110,3,5,6,3279.4361117834815,543.530314152795,308.1793733075431,0,14.577120009809716,123.96107278863725,49.15035299128037
111,3,5,7,7528.510128644393,1264.5770836527856,696.6923714223637,0,18.423501061275584,275.7824893603853,111.34718680051398
112,3,5,8,5235.825012711952,1115.7852478568982,551.7577613395937,0,16.58307906612752,199.69454901007498,74.64682152402007
113,3,5,9,3475.309323723561,942.2105635583918,417.8694960543062,0,14.43316102214156,166.8554674514275,69.56487203483634
114,3,5,10,12006.980144906664,3304.4917790048785,1405.0779051517382,0,55.112340755268484,712.2722365868195,393.94276243875555
115,3,5,14,2990.5926032979987,801.3123174456452,340.4365461980779,0,15.166027039289459,162.71023181536623,95.37959129320706
116,3,5,15,5172.212360433646,1197.3076925993178,560.7796276556851,0,16.98226106166838,183.01273830459408,107.86291046766252
117,3,5,16,7529.630486398296,1555.8997158859481,740.878875862135,0,20.41826605051754,159.05635330259275,71.049984626742
118,3,5,17,8297.198516979002,1684.6951899529054,842.3374512140076,0,19.13517004810272,116.80703220878364,42.40981042237583
119,3,5,18,6175.609312358448,1590.5606859509069,746.9756360613693,0,22.230322057381247,85.73458607929533,49.219478701629455
120,3,5,20,4307.143191731561,960.2574117318276,456.7650696989605,0,23.03350505791602,130.7360420065342,57.391832839293045
121,4,0,5,0.0,0.0,0.0,0,0.0,0.0,0.0
122,4,0,6,0.0,0.0,0.0,0,0.0,0.0,0.0
123,4,0,7,0.0,0.0,0.0,0,0.0,0.0,0.0
124,4,0,8,0.0,0.0,0.0,0,0.0,0.0,0.0
125,4,0,9,0.0,0.0,0.0,0,0.0,0.0,0.0
126,4,0,10,0.0,0.0,0.0,0,0.0,0.0,0.0
127,4,0,14,0.0,0.0,0.0,0,0.0,0.0,0.0
128,4,0,15,0.0,0.0,0.0,0,0.0,0.0,0.0
129,4,0,16,0.0,0.0,0.0,0,0.0,0.0,0.0
130,4,0,17,0.0,0.0,0.0,0,0.0,0.0,0.0
131,4,0,18,0.0,0.0,0.0,0,0.0,0.0,0.0
132,4,0,20,0.0,0.0,0.0,0,0.0,0.0,0.0
133,4,3,5,190.2883819275632,38.51970057036981,18.540277047094136,0,0.5409119948744769,9.77092693810731,1.8801665061031216
134,4,3,6,521.5877198429396,92.6063115699732,51.89737640307964,0,1.4404319974128121,19.724166771723848,3.9784065438958023
135,4,3,7,976.8394256427938,188.34683351906648,93.04629342071428,0,1.2148610020521993,28.05024591676773,8.648616537724866
136,4,3,8,1185.6806805726853,268.2500900807743,130.7874175086105,0,1.2148610020521993,31.008302504967705,9.514770547534706
137,4,3,9,802.0960490559461,232.7662577528912,95.90144393359087,0,1.4285650069359654,25.05791300733054,8.862360121815675
138,4,3,10,3001.5388460644713,841.3322241649579,335.1533525520007,0,5.362212018109844,103.96299422223935,47.55263985749223
139,4,3,14,819.9881531699466,216.3666882094952,93.45629788365238,0,1.4285650069359654,26.789061734856123,11.758065235088713
140,4,3,15,1272.3007843205476,345.3174472595719,148.15588887127151,0,1.4285650069359654,31.26545153401455,8.577809807647196
141,4,3,16,1525.6047247663755,375.9086033151015,157.924195610431,0,1.359490003669631,25.36389050273849,5.575702029233684
142,4,3,17,1555.561638540387,356.1654853547197,167.74764509885256,0,1.463982004905116,19.35509299114983,4.695473577322052
143,4,3,18,1650.2104735279995,446.5765308209636,205.5710146701321,0,3.0051950146444066,14.258422486969396,4.999415807955665
144,4,3,20,1602.421625819573,343.8275669337743,161.5814660309272,0,0.22209750115871402,24.068911698679724,10.317662103389681
145,4,4,5,283.1173951702526,47.43557326320746,24.006672169013875,0,1.180799961090088,15.262416179129783,9.433684062631817
146,4,4,6,1632.6339837034332,239.87956064213336,137.9066289424339,0,2.7071200311183925,49.47402159638458,29.757204870445094
147,4,4,7,4908.597258824881,625.9356532470266,332.84416046076046,0,0.3313960134983063,206.35266535154634,150.02002251847114
148,4,4,8,3406.4144039757243,581.6205315001538,278.84664971704467,0,0.6627920269966125,139.75998185131607,84.29666746494017
149,4,4,9,1333.685288287312,231.9798607988868,83.49553220565042,0,1.4576800167560575,47.74185581769258,41.50748628940747
150,4,4,10,3503.9323308849557,688.7318453777364,291.3903744682186,0,9.876338425990182,191.38277435793947,154.12475792611824
151,4,4,14,1434.4828479147181,237.14827551178544,100.77196760423796,0,3.189320027828216,48.44835709025878,43.91789632635268
152,4,4,15,1780.6132960590794,318.12476560437,133.59225916064395,0,2.6599239110946655,62.99551648377955,35.105990279146646
153,4,4,16,2856.4781885297984,426.76851735103673,190.90143619007463,0,2.9551239013671875,63.940943833479416,39.47623042336583
154,4,4,17,2990.7797686862423,462.0366157515049,230.21897672200456,0,2.3647239208221436,50.35127093282006,30.541106843974564
155,4,4,18,1342.7576535920014,264.0119680242838,127.06326466256898,0,5.480884045362472,26.053291559460416,25.17683823538203
156,4,4,20,1095.3036836533158,134.50805009837165,53.12655641447905,0,0.0,11.141115768713552,15.589590687610713
157,4,5,5,18295.86391337642,3899.0859614681035,2227.3184704883415,0,26.259337834664603,945.7518810659909,361.19942781628276
158,4,5,6,44852.157569242285,9972.852410958307,5655.4416432862845,0,54.40528261067808,1634.940270103043,640.3537070456221
159,4,5,7,73522.69969056945,16582.158067962027,8834.83448991329,0,63.67690960434262,2505.6117862181263,1061.507736223597
160,4,5,8,75975.64448279928,20412.285238608125,10043.131694989772,0,64.433035643422,2331.871162461131,883.2536261023406
161,4,5,9,64883.19665344501,21258.14531417879,9594.870089141215,0,57.805823711329104,2127.088466436779,831.62077519315
162,4,5,10,263217.7175528487,85852.36883679277,37393.32114470393,0,225.3590050173225,9260.060539739317,3536.42506333331
163,4,5,14,64474.108818546214,19919.208775822975,8907.174761109416,0,61.595989735447766,2161.693429315064,812.1448271382451
164,4,5,15,79397.74987302694,23042.940404448625,10543.92786729037,0,63.205731765599886,1958.9403990760775,713.378966772715
165,4,5,16,95794.15922337015,25616.55085286256,11889.09693136145,0,68.36379274318456,1506.0383735269604,539.3902112293521
166,4,5,17,95540.53704136642,24432.55983528071,11792.895541627042,0,63.707081764587166,1055.7191064870235,385.3139761779954
167,4,5,18,119944.94356956771,36476.922488647535,17172.234828132092,0,82.86181162041606,1061.0136176965993,381.9252847512058
168,4,5,20,110865.93049323466,31004.302676470652,14964.727009736518,0,78.64262821659209,2051.5450504747323,769.9067889493612
169,5,0,5,0.0,0.0,0.0,0,0.0,0.0,0.0
170,5,0,6,0.0,0.0,0.0,0,0.0,0.0,0.0
171,5,0,7,0.0,0.0,0.0,0,0.0,0.0,0.0
172,5,0,8,0.0,0.0,0.0,0,0.0,0.0,0.0
173,5,0,9,0.0,0.0,0.0,0,0.0,0.0,0.0
174,5,0,10,0.0,0.0,0.0,0,0.0,0.0,0.0
175,5,0,14,0.0,0.0,0.0,0,0.0,0.0,0.0
176,5,0,15,0.0,0.0,0.0,0,0.0,0.0,0.0
177,5,0,16,56.64781611920786,7.031991752436754,4.25139540430877,0,0.0,1.3821730832794306,0.03184369593057125
178,5,0,17,48.65696315397295,11.887388904525933,6.86824406283581,0,0.0,1.3615604003844812,0.027065924215628548
179,5,0,18,0.0,0.0,0.0,0,0.0,0.0,0.0
180,5,0,20,0.0,0.0,0.0,0,0.0,0.0,0.0
181,5,3,5,310.0139584846555,60.12749235666661,31.24500730643358,0,0.5435039848089214,13.928003993088373,3.8627368221555445
182,5,3,6,1187.098400390966,231.75367058331824,128.83350138241272,0,2.3839230053126803,37.23221107445888,7.486233392896919
183,5,3,7,1507.3606362156208,310.88840846415866,151.14751526371785,0,2.2258700095117083,51.10870060251228,5.880107767907651
184,5,3,8,1719.582173344362,440.0434346571299,209.437685330754,0,2.3319350071251383,60.84815027533698,8.022711510384697
185,5,3,9,1151.2370471253641,363.964855264075,142.01494470076852,0,2.061521004885434,40.25511056754739,6.687469250809014
186,5,3,10,5798.760597654421,1844.8964672151196,726.8305426174891,0,8.794708281894568,229.94982092939503,60.12793801567344
187,5,3,14,1197.3222988030752,354.47370791937163,158.59548122474345,0,2.012166004627942,45.07784055157732,13.91631966947868
188,5,3,15,1466.9116793415874,415.35802381854523,176.28559782507088,0,2.3446939997375003,38.20380775264154,11.27730452119437
189,5,3,16,1821.0132154623,459.17110453115475,206.70163318296676,0,2.855196016840636,30.423305490514892,7.364067857480526
190,5,3,17,2833.4981626140725,604.2897978956393,326.90647034316316,0,2.855196016840636,34.814181911248426,6.85507832056828
191,5,3,18,2265.8112009149145,646.530937745754,300.7338213360415,0,3.9749770089983927,20.527800425871032,6.0057882565758085
192,5,3,20,1936.2222634513923,456.57045535638156,220.30478065292465,0,0.22209750115871402,33.5000737087234,13.227779133695257
193,5,4,5,1176.5539983721924,149.82433437902932,91.35515426486371,0,0.0,44.73535445499317,17.329874093444257
194,5,4,6,4277.149055568192,409.79644298244847,233.31518044872013,0,0.4548720121383667,201.32126462467025,133.02212403739156
195,5,4,7,2938.678297414231,310.5920256206227,160.55649686906781,0,0.2276000007987019,133.20989323969056,76.81207166757383
196,5,4,8,4363.825103258776,504.0601960965172,226.43117059543187,0,1.1175080128014079,265.11336648686176,162.31502216265818
197,5,4,9,4161.340579042971,726.0518740108196,312.06719725793477,0,1.5527000389993184,309.88272018562236,177.83572697818173
198,5,4,10,8320.289959411853,1825.8218913414964,797.9563041260301,0,8.931077804815025,637.6900088592996,300.0308389403342
199,5,4,14,1582.5305656839244,390.17821860767697,166.33614148442007,0,3.478374924510717,139.4584241287436,63.35912793565576
200,5,4,15,4028.8115716488383,581.0591775120628,278.58386545515316,0,0.889908012002706,258.73483267563716,188.48001108085236
201,5,4,16,6715.405301504536,778.0960132372802,380.1737289738303,0,4.008670024573801,254.9436966255426,190.61339083775727
202,5,4,17,6674.26478895082,706.3439375171137,369.92735119060063,0,3.082946017384528,164.0090725156603,107.04627237475043
203,5,4,18,4354.427000614232,833.2750813159951,357.59167214138967,0,5.477625899016856,56.25300927204761,30.228784189064097
204,5,4,20,4524.205865398315,649.1428627876493,288.33352422371183,0,5.009264906868338,85.69290934948566,39.53995241247925
205,5,5,5,4972.5694824069005,851.4814164648342,497.6243506199455,0,47.858870834112146,282.59595078394784,131.91954054580557
206,5,5,6,17298.219482541783,3072.8446560485245,1727.2754697752487,0,83.77774605900046,664.9678794168716,257.481877822208
207,5,5,7,31108.915064774,5444.49513473795,2912.561928526182,0,89.36126715736461,1103.9328578486618,474.70165526439985
208,5,5,8,27307.168550879513,5947.98517379808,2928.283189487515,0,84.89853809424673,1062.9523195405109,509.8937995328298
209,5,5,9,17170.568102876343,4997.995948947843,2180.4852582852905,0,82.37744503747669,726.2059425229401,277.9951502078945
210,5,5,10,64865.66170720747,19691.298038648292,8382.175168030164,0,342.924199569416,3092.8275751692745,1117.341182794984
211,5,5,14,16043.796215716944,4552.037103550407,1973.229775156704,0,86.54927990771827,730.2792079339041,273.8014863847662
212,5,5,15,22390.686975983677,5823.046486544128,2723.635303056299,0,92.36755693610753,730.5551346299477,319.04409944256037
213,5,5,16,28601.540141296413,6572.6977588114705,3082.9059599655275,0,94.28895700257269,583.1576610768882,292.45451111615364
214,5,5,17,29417.61711550085,6548.5980828451875,3098.5614107853644,0,90.42031305562702,404.4708327432833,197.0694042592559
215,5,5,18,31380.847036797968,8882.304435591259,4171.1970003371825,0,123.85305182635778,359.2942608286897,135.01600283675384
216,5,5,20,25005.254273039256,6337.981846473318,2930.7107774944184,0,129.35542644001538,639.7407956298091,259.4047978139374
217,6,0,5,11.189423104635694,1.5478184332834302,1.4913457976834066,0,0.8013880252838133,0.7464281907154794,0.6019169188229647
218,6,0,6,25.802922580685298,4.335197893960876,2.6330753252410997,0,0.9981170296669003,0.9844198752225162,0.9415419355539751
219,6,0,7,30.687103882195327,5.190747313855673,3.6229040566626773,0,1.6172480583190911,1.1575045889663929,0.8356715905335076
220,6,0,8,26.357761309835535,7.800751331687586,2.838161944016342,0,1.631720066070556,1.234365213560036,1.2518721439072362
221,6,0,9,21.770417703321254,7.439715812642955,3.4710032605265617,0,1.631720066070556,1.484602797030042,1.2350861158368087
222,6,0,10,121.03153641859365,23.514502823341875,8.062367822259402,0,6.526880264282224,4.9795986252729,0.10088163472275587
223,6,0,14,39.16101478074054,4.497081678624397,1.8217403005668027,0,1.631720066070556,1.246008207023315,0.03313268982186119
224,6,0,15,38.94665442168581,9.6540550471847,6.434137802827834,0,2.039650082588195,1.966659324754418,0.02953805341417821
225,6,0,16,2.9081452315980223,0.03813200165528059,0.023415900743244584,0,2.2436150908470145,0.0,0.0
226,6,0,17,4.4649484963874775,0.06154790239852517,0.014716100912036007,0,2.039650082588195,0.0,0.0
227,6,0,18,56.1283140674706,10.944822314069002,4.815239146186674,0,4.691195189952849,1.7308480659379952,0.6105171816236968
228,6,0,20,36.63068626199892,9.417311291575666,4.861597736495608,0,4.283265173435209,1.6370433362801016,1.2776362952773355
229,6,3,5,1549.0471389959637,320.82006784193163,161.44877551477472,0,1.2832699716091154,78.96674018517346,22.474722486327614
230,6,3,6,4845.070229104575,924.0909626702583,519.7006917710338,0,7.593478016555306,158.29102478065695,51.51781441748254
231,6,3,7,12158.867855227778,2437.519314963298,1173.060056428932,0,6.863403033930806,342.5441607877702,108.63695753855367
232,6,3,8,7920.403045430591,2016.2772257489348,935.8771961233434,0,6.943894036114213,237.37369077871335,76.65239671016778
233,6,3,9,6207.648102393213,1879.933994372562,771.8264742974478,0,7.049959033727643,200.16219209627207,66.48914840371123
234,6,3,10,23417.31212568343,7170.764091123487,2866.7991791117233,0,26.646868109703053,807.5514488038131,269.3096255653401
235,6,3,14,5629.5402152266315,1615.5847372268288,703.3737349140428,0,6.859841033816335,184.84378626168296,61.306962687880684
236,6,3,15,6961.0008866926155,1992.108419265967,871.8735981170037,0,7.600202016532418,162.5377447678288,50.5519921327035
237,6,3,16,10672.295913104621,2729.2369168408145,1218.8835615843584,0,7.188152003567663,175.84856134096856,50.37387346672561
238,6,3,17,12258.237096454137,2765.881774958346,1418.7123100738247,0,7.188152003567663,128.01543376958537,45.37691622842504
239,6,3,18,9751.011580856739,2917.389339372199,1322.920825915146,0,13.71968206763267,88.43879469616769,23.640443397440666
240,6,3,20,10066.172103744671,2633.7039171154524,1226.4951143325682,0,0.0,198.45816487801224,51.609394134642976
241,6,4,5,2944.631823518635,274.9341220729359,164.64388353522426,0,0.9097440242767334,138.1745781463345,81.37999138844171
242,6,4,6,3528.974001134762,461.89925503482175,244.58867744927875,0,0.0,139.960998023225,76.13929347563077
243,6,4,7,12221.892459978262,1727.7607887172333,911.4377987446126,0,4.717881003394722,752.2632538616821,553.6892291454734
244,6,4,8,6351.391144546062,933.6789497527894,476.07019949865867,0,3.913975983858108,383.97179589594083,295.47449975823
245,6,4,9,3629.712137608818,728.5032464902611,293.8166265819001,0,3.4135499894618984,221.55136826491514,148.74674680349756
246,6,4,10,23163.358246810014,3394.785507903692,1467.465305095022,0,12.087283203225638,2452.194275378766,2044.0613050218042
247,6,4,14,5336.99804210831,769.5986677839741,338.96147002029363,0,2.7964180409908295,558.8471931438802,458.36420422779423
248,6,4,15,7530.477976770317,1099.6684227518815,517.2575116984544,0,6.538472056388854,482.4874080945333,340.13233620413473
249,6,4,16,14444.21785272907,2235.3123400992713,1150.467303029032,0,7.307884126901626,553.1237553344608,368.36185452319614
250,6,4,17,20949.03842779881,3234.8596663980697,1816.905011763402,0,11.32172407209873,550.3290520013601,334.32080695343916
251,6,4,18,5865.910817376565,1067.5187496153922,481.04612846934407,0,6.726948082447052,83.27854809099931,42.96233726494142
252,6,4,20,3963.291092532806,483.8986429019821,195.93135971083555,0,0.0,51.00229481865763,50.50471336242024
253,6,5,5,12073.324794843991,1920.7876578227213,1061.6246107246736,0,94.52763804211278,640.7657550926397,230.52602329135377
254,6,5,6,33580.9018452565,5694.603051778543,3146.8535302548653,0,172.7841879590414,1313.688355228974,525.758562820159
255,6,5,7,51351.529507179344,9208.573884800287,4852.849297692214,0,174.04985976684833,1991.5672735674336,1103.0551352683694
256,6,5,8,49756.52415818677,10701.50090445555,5208.0052687988755,0,165.41027586837293,1816.5398188719441,981.2223877924025
257,6,5,9,39790.01651460175,11047.424389873739,4899.334659114646,0,169.18916400335723,1692.4205618834383,811.245539784272
258,6,5,10,142793.69136083464,40507.684434524344,17496.261779874545,0,645.2383133380805,6555.228404625937,3082.2188283327873
259,6,5,14,34634.07455991155,9563.273496811351,4087.7452551997003,0,173.0338909067213,1463.898634866316,663.0081532029178
260,6,5,15,44677.70472296586,11124.076596444076,5041.042996166217,0,168.30055498424912,1353.094291190064,595.5935500571993
261,6,5,16,57536.77553932748,13129.68852294723,6169.135175155274,0,177.18463682010764,1130.0518084618693,434.4394890467808
262,6,5,17,60280.14942746544,13581.024680618344,6430.634182415708,0,165.2799367476254,813.7772871885297,311.1073719530369
263,6,5,18,61675.69851468076,16742.96309295963,7640.155831198729,0,237.78105699503786,677.624376898898,240.16659219126313
264,6,5,20,62238.985750383894,14878.581134210435,6804.690266075394,0,264.2389710496644,1375.7946422115,511.4448883611318
265,7,0,5,0.0,0.0,0.0,0,0.0,0.0,0.0
266,7,0,6,0.0,0.0,0.0,0,0.0,0.0,0.0
267,7,0,7,0.0,0.0,0.0,0,0.0,0.0,0.0
268,7,0,8,0.0,0.0,0.0,0,0.0,0.0,0.0
269,7,0,9,0.0,0.0,0.0,0,0.0,0.0,0.0
270,7,0,10,0.0,0.0,0.0,0,0.0,0.0,0.0
271,7,0,14,0.0,0.0,0.0,0,0.0,0.0,0.0
272,7,0,15,0.0,0.0,0.0,0,0.0,0.0,0.0
273,7,0,16,0.0,0.0,0.0,0,0.0,0.0,0.0
274,7,0,17,0.0,0.0,0.0,0,0.0,0.0,0.0
275,7,0,18,0.0,0.0,0.0,0,0.0,0.0,0.0
276,7,0,20,0.0,0.0,0.0,0,0.0,0.0,0.0
277,7,3,5,2165.4665634060216,421.70668308384495,248.30215842521878,0,0.1840039938688278,107.63367962795674,22.7201607900615
278,7,3,6,5840.085704249847,1136.4355215106964,684.4524037352918,0,2.4842060087248674,219.95699418863651,36.43568949268622
279,7,3,7,10231.551133540115,2139.6045208185346,1074.995440033601,0,2.4806440086103967,329.9017293197528,82.44485514711094
280,7,3,8,10963.879181512195,2609.353771003859,1317.4853167264516,0,2.294088008813559,362.30599548041727,85.30703600260405
281,7,3,9,6534.856213865523,2052.3925730248834,892.715520128873,0,2.294088008813559,250.45702593528506,49.30529756491939
282,7,3,10,22177.25433168297,7129.765335171036,2983.63061285543,0,9.93682403489947,931.8368876456391,189.1475522268494
283,7,3,14,6093.087394654446,1856.083161333982,799.8928433673702,0,2.4842060087248674,237.31964688743187,51.45712527979615
284,7,3,15,10511.212018320974,2957.2876427677475,1267.3594489557001,0,2.6031690118834367,286.9008746921752,82.27974867365367
285,7,3,16,13306.057622633409,3365.7175428683313,1598.4003431340232,0,3.0358450026251367,235.61253179700984,60.96612763635029
286,7,3,17,11745.525468214766,2805.6321468660412,1335.0104097552905,0,3.0358450026251367,154.69099130846047,34.3453305785369
287,7,3,18,14136.545691041756,4277.840552972154,1971.6926001574027,0,4.968412017449735,137.57145409275455,36.111048213014165
288,7,3,20,10799.611482585678,2852.766621998299,1406.013700917871,0,0.0,211.38210059451868,49.465940999970925
289,7,4,5,6671.5015086318535,780.2808477638731,392.1875389231756,0,16.402562078088515,422.67872606617084,329.0758790820467
290,7,4,6,10509.05723465881,1509.1159326829752,819.3495938638036,0,15.93273301981389,559.4387238061158,411.71192445496087
291,7,4,7,43130.13309244096,2584.482551774081,1366.1042304913904,0,11.40940115228295,2623.5497379889052,3062.5358141306956
292,7,4,8,19048.568731970092,2678.8126762165,1340.9488001027764,0,11.340207047760483,1255.5818593919328,945.2926335397683
293,7,4,9,9628.415882067578,2348.6922005900456,969.1699938652806,0,11.459680035710331,680.2925656935388,504.2119406424968
294,7,4,10,42066.588851940694,9667.335291114625,4108.646374599138,0,38.15186525129957,3403.4631058438904,2106.143742969923
295,7,4,14,10994.199726287936,2326.927932115693,985.5478884370103,0,11.284722037613387,808.4287656510429,524.397506610748
296,7,4,15,18164.151291008075,3704.2033473368274,1683.3695889536305,0,12.41180211678147,999.1249872442515,627.1424263307956
297,7,4,16,35242.59329758319,4594.411285018799,2226.8945668281326,0,22.440813153982155,1264.7522335233452,1402.9002455518903
298,7,4,17,18645.128996128777,3687.392701037741,1791.649497431713,0,14.693886179476973,425.77857216402634,324.4383040521736
299,7,4,18,22174.29853714491,4437.807106350765,1964.4962529209722,0,20.924150090664618,551.8817970183753,406.6425121965352
300,7,4,20,27399.381228895953,4876.846154966346,2328.6535701717357,0,39.16063056886195,1187.6045764061698,792.3312260033562
301,7,5,5,15154.019221966495,2663.4678248658324,1527.5179833970972,0,116.83413586998354,974.4722534043066,503.78689648348364
302,7,5,6,41484.03389951712,7365.687345400795,4096.856660078813,0,215.17464068485415,1743.1875638701542,1177.7872971433592
303,7,5,7,66750.65455298702,12289.716814605279,6477.769165852194,0,217.37092971708617,2624.451582897714,1311.39910692926
304,7,5,8,63277.43164021763,13931.434493324983,6788.116332398901,0,208.47485673427573,2441.9757352555957,1335.2748452651315
305,7,5,9,46125.884673380235,13471.192398629602,5889.875927726065,0,201.05285062780595,2089.149047118404,1337.846180164121
306,7,5,10,171112.86901030387,50823.51292931674,21600.911153594825,0,791.8064292841445,8764.613163246166,5470.5125552292575
307,7,5,14,42377.4505195716,12099.868767567785,5276.506262092853,0,213.10861679771907,2078.967295749714,1338.5394915978213
308,7,5,15,62535.04027633953,15940.353056800874,7321.985700106612,0,222.33171264315015,2179.2042103684466,1288.157886258568
309,7,5,16,83922.103078325,18801.533901180137,8826.750380280095,0,225.2511877389624,1733.539762823228,917.9896048922939
310,7,5,17,79448.13076923482,17084.04016772822,8232.93599494882,0,209.83721796423188,1122.8276235020703,600.3012111505485
311,7,5,18,85285.19154735123,24006.096820582352,11034.815452244453,0,285.3692155112511,1065.7038695627032,559.6773292160267
312,7,5,20,75126.33428988227,19516.423193211274,9016.476559758295,0,327.17718860995944,1961.6482872828387,1049.0861100312738
313,8,0,5,2.6504162445518196,0.16160689925794886,0.13674429673599148,0,0.1243129968643188,0.08287533186034853,0.0
314,8,0,6,3.7666838583382103,1.7776759029518856,0.8826222779219043,0,0.1243129968643188,0.10773793901332591,0.0
315,8,0,7,3.031763374355463,0.8833089850195549,0.5279296840070564,0,0.0,0.04972519948669073,0.0
316,8,0,8,6.428438736744992,1.6285002591078173,1.1436795594815625,0,0.0,0.06630026845213163,0.0
317,8,0,9,7.645249218240022,3.4061760907419942,1.3923055532102002,0,0.0,0.1243129968643188,0.0
318,8,0,10,29.880298085661924,10.23095973974058,3.4559012661473814,0,0.0,0.5718398181782474,0.0
319,8,0,14,9.460219108796306,3.455901336538885,1.442030751770687,0,0.0,0.1657506711303291,0.0
320,8,0,15,7.752347891250904,2.9089241681189995,1.5290498555034158,0,0.0,0.08287533186034853,0.0
321,8,0,16,11.287620020436858,4.425542735791394,1.2679925739437574,0,0.0,0.08287533371275654,0.0
322,8,0,17,8.653034425055235,2.8219050643862706,1.3052864744849795,0,0.2486259937286376,0.09116286634306899,0.0
323,8,0,18,11.847028743434517,4.437974023622415,1.7652445317625047,0,0.2486259937286376,0.09116286819547699,0.0
324,8,0,20,7.865208442312448,4.114760184353541,1.479324674540805,0,0.0,0.1243130005691348,0.0
325,8,3,5,6181.116863534016,1302.3274894897759,712.9652576948932,0,0.3810180053114886,287.9028705303415,67.6408814447647
326,8,3,6,16429.68415830782,3132.0628313020347,1849.0990339850466,0,11.616938021033999,531.212930731913,136.95799094606681
327,8,3,7,22812.61683782074,4498.365172429185,2266.08803048206,0,11.426429018378254,733.4729156259398,167.994972554845
328,8,3,8,22166.203755245417,5520.745025028606,2595.3670837660648,0,11.426429018378254,650.0669226327856,180.43729210515545
329,8,3,9,19308.066506958665,6005.983315342829,2554.352510722557,0,11.426429018378254,670.9140235252721,176.7962846080625
330,8,3,10,73434.65604925167,23446.334911666065,9842.555620209057,0,45.70571607351302,2933.4660552128494,675.1962866461037
331,8,3,14,18106.22171413045,5374.290847734182,2385.5492311028365,0,11.426429018378254,648.2193403298554,160.1220522500764
332,8,3,15,22168.08430294836,6563.845977874082,2749.2804230146317,0,11.426429018378254,600.4919966619295,144.2536683442206
333,8,3,16,24648.91310027962,6376.369090868599,2960.5925366326496,0,11.426429018378254,421.03845921940547,100.57073026285578
334,8,3,17,25187.37214455903,5947.246160258457,2957.5892609026682,0,11.426429018378254,303.4849033537579,68.50051147622796
335,8,3,18,34815.88423569413,10201.041511826324,4803.487306707146,0,22.85285803675651,324.79153714431055,80.27532037846063
336,8,3,20,33204.63495762019,8934.947246606376,4201.128420567497,0,0.0,631.1087716540491,150.32565495046327
337,8,4,5,4024.3570332932477,429.28375438198304,252.2357849787779,0,9.392038024961947,299.97623542794577,100.9884983361377
338,8,4,6,35838.84010005101,1251.9351811608196,703.7354180001088,0,10.05207699164748,2015.435531263215,2208.0112078751777
339,8,4,7,35018.523365257126,5380.837788212063,2953.3181043983673,0,20.27844211831689,2105.0111092140996,1809.905498530009
340,8,4,8,38853.866401730644,3568.4351988868925,1759.9159772878218,0,8.992268044501541,2794.2150877300396,3183.1805144074756
341,8,4,9,8508.075323327465,1542.2558734321235,659.2570148690606,0,10.937304012477396,797.0429316678461,366.02307350519027
342,8,4,10,31097.71428097517,8267.080454122575,3441.827235910978,0,42.059878540005535,3075.041921785566,1312.7388144533024
343,8,4,14,8631.175962818967,2121.8043262479396,928.2316542653828,0,13.773846017196771,765.7071419095072,325.6904763448657
344,8,4,15,15661.17711262787,2989.8652754903346,1415.4240420338328,0,13.064348988234993,1002.051634731362,598.2661054378252
345,8,4,16,25349.84380784164,5979.1805315683905,2937.104895015766,0,44.33948763832449,945.4163400353292,821.6768938468625
346,8,4,17,37742.082127990514,5940.727410076979,3024.6113651197124,0,39.75885565578937,1002.8779837402317,1167.206546183454
347,8,4,18,17122.052493419476,3717.040013339708,1711.053388413582,0,21.887963017448776,422.9062548533999,192.2652573436106
348,8,4,20,15802.403355098577,2654.278014106014,1264.2220571791222,0,49.40167201403527,715.4511040409147,267.2551106485554
349,8,5,5,40536.98135483583,6656.478540643848,3732.190875400915,0,155.8351909220218,2470.4986326399603,1335.2154606979072
350,8,5,6,87841.34970325445,15341.472918770261,8527.11823081171,0,250.78582578292108,3982.4755844480783,1977.7964797632746
351,8,5,7,115610.69124563948,21166.19980334052,11089.615679083625,0,245.69320785906157,5119.941074626495,2647.7815473985124
352,8,5,8,119126.614897975,26930.46432686632,12886.895597239463,0,247.70485187740988,4937.305258261001,2387.046582524254
353,8,5,9,106073.10330051307,30062.065358504686,13561.61416944234,0,264.16942095337424,4952.739585264256,2352.787798859444
354,8,5,10,429948.57907973573,125487.55398753176,54629.5078049175,0,1047.3260280620098,22326.311637755847,10584.55571501246
355,8,5,14,107649.27044816368,29657.338296777198,13095.71657226425,0,282.3441197592764,5314.946414800253,2427.3741878319756
356,8,5,15,126447.29670470506,32220.411552561556,14708.263010679042,0,264.2089268262497,4320.0901738740085,2118.462950493093
357,8,5,16,135050.28605198106,32268.84534528768,15105.591506500485,0,264.41212880657974,3017.415515617175,1650.1239309501523
358,8,5,17,139601.2653676915,32485.494764949122,15481.495200018175,0,248.41253985371432,2154.258006172054,1197.4225403577993
359,8,5,18,191774.67523762502,52723.7272583243,24861.443416095055,0,400.0303409826009,2554.8773646653754,1340.6607740966895
360,8,5,20,195077.0661195163,48313.83199882199,22616.08874455009,0,416.922144472366,5227.344473400305,2826.8208877858924
361,9,3,5,4430.119011315987,851.5895957000366,443.36268607960073,0,0.8454619981348512,212.21973096699747,69.30304929024514
362,9,3,6,10171.28373189778,1805.3217704925744,1104.5779791375173,0,0.4227309990674256,356.1819922809183,107.24797538276255
363,9,3,7,13681.242497963309,2599.4795938661155,1340.81618084022,0,0.0,448.57488524421416,162.31229689505403
364,9,3,8,12698.349866024866,3045.010986950198,1516.6865951792356,0,0.0,458.3313004068781,121.40768566045215
365,9,3,9,13403.58412234041,3892.8551631486835,1651.1833509437868,0,0.0,501.14168949555756,149.94897961101734
366,9,3,10,53439.55189657956,15621.43563099347,6624.940910879336,0,0.0,2125.2765507599775,812.9498887227791
367,9,3,14,12168.920143171914,3493.4558881817948,1508.9115824167225,0,0.0,497.1011570468011,163.7623356495332
368,9,3,15,14474.144249306353,4192.990658728071,1848.6315984411501,0,0.6501119900494813,439.826549399262,133.2326949901239
369,9,3,16,13793.423226479106,3797.811628254547,1640.4997953744091,0,0.0949109960347413,299.29126144948776,73.39269247541169
370,9,3,17,14870.971971323412,3874.942336762858,1864.9552467914489,0,0.0949109960347413,212.49811965180123,53.321673409281274
371,9,3,18,21623.663839453628,6351.294604473846,2923.2929448939244,0,0.0,238.38444158251684,76.972633577162
372,9,3,20,25818.410293512723,6101.0454686503335,2821.901793591707,0,0.0,471.5831074865254,180.01663933049375
373,9,4,5,735.8225321646755,328.2679881605017,191.91008066988735,0,2.806194007396698,100.28506971820681,60.34640039682748
374,9,4,6,16579.683638537128,2170.997138357396,1283.5219217485685,0,7.098149139434099,977.6412950314015,900.8619415508028
375,9,4,7,24610.44137349557,4218.364749300972,2360.387684010382,0,23.592528715729713,1496.012240949299,1781.4592410272467
376,9,4,8,25903.808070435713,3739.1922721576316,1850.9556707026218,0,8.955965161323547,1613.2494467116483,1331.7393775832566
377,9,4,9,6852.36704233814,1519.1145156677728,609.8596731178809,0,2.6395200192928314,742.0913747918439,522.2602026335612
378,9,4,10,6462.49373679405,2603.699693622486,1095.866473626237,0,8.599341230212872,749.4849794846544,586.0926555914014
379,9,4,14,2993.675970168932,901.5859434900567,436.8471369490909,0,3.5635100603103638,340.90338184855784,212.24030405755207
380,9,4,15,28242.825936821777,2919.7646090021885,1323.7530246743715,0,10.629650190472603,1870.4896313451459,2240.010115006213
381,9,4,16,25137.96818361752,3886.525646538396,1956.453296386508,0,22.345631763339043,842.1086707495865,1142.2799121391777
382,9,4,17,28593.923735982473,4509.555858212098,2302.5724957814655,0,18.740683775395155,618.6317438927041,804.548051015575
383,9,4,18,3634.1193121494357,1159.5066000282493,527.6089673216187,0,3.695328027009964,90.22063352451097,70.00742267679207
384,9,4,20,8001.81922128133,2026.0377205360894,988.0683399023861,0,5.542992040514946,459.279931013546,295.16881227949733
385,9,5,5,14006.003013797768,2189.0057810754984,1266.9673609000251,0,23.75177283061202,881.7811642088043,361.80801589067255
386,9,5,6,27556.899387193193,4595.580126575954,2601.4375765172717,0,40.34013087558559,1373.7857793355997,607.0820838450303
387,9,5,7,35863.81517887176,6127.49742800418,3313.9876108291714,0,39.82680688123217,1762.47430413762,796.7655149198273
388,9,5,8,36252.484390477264,7893.184486800644,3654.4281002997127,0,41.19453891902229,1782.643479019792,873.720819228387
389,9,5,9,29927.552450294294,8583.28171654744,3772.707817535056,0,40.827161875320584,1624.7253913675029,713.0380947960797
390,9,5,10,119785.4231139838,35451.95211624679,15477.861429605593,0,163.21923534635903,7168.622245300983,3166.876737674268
391,9,5,14,31579.96849448504,8747.34188786701,3859.7258132080806,0,41.09506087447515,1727.7695291218515,815.0727122217943
392,9,5,15,35040.52860615625,8811.663094318918,4155.041919364886,0,36.59346291306427,1452.9706423626717,661.5753347977524
393,9,5,16,37507.59293023511,8843.986910172924,4120.431036192373,0,39.94952683872542,1007.386814547221,409.254170041583
394,9,5,17,36968.05870254507,8706.926488714069,4085.38386112185,0,39.37759384117088,681.827255455976,277.5385244239061
395,9,5,18,53013.07960852895,14679.516229618881,6948.971921400505,0,70.416483721463,805.1984003390912,418.717157823394
396,9,5,20,62252.60402421441,15264.404632168478,7077.128965280732,0,50.64638712408485,1849.9324199838345,727.238889339206
397,10,3,5,8105.974847156072,1450.729793536039,777.6667789136203,0,1.11040198802948,341.67536540296453,103.29045103511403
398,10,3,6,18876.569019956365,3340.2228398498814,1929.0271621696331,0,0.659692995250225,565.7727748158509,248.36942697138124
399,10,3,7,26043.838012484754,4559.258964123193,2486.939359783178,0,0.0,786.329192788563,349.79840466625535
400,10,3,8,23764.826844568353,5296.121136507632,2584.7885083015785,0,0.0,695.5097468802226,350.5780604543798
401,10,3,9,16921.959905894462,4202.667631892617,1926.1741527410534,0,0.0,618.8247546859072,256.04427226255604
402,10,3,10,87440.2947817644,21447.053452694505,9537.467115148847,0,0.0,3265.988449436481,1626.4100544811918
403,10,3,14,25468.035424621696,6062.372918718332,2825.9238574251854,0,0.0,840.578165577524,480.4131988625832
404,10,3,15,26868.594585697025,6440.172528006271,3058.925603172216,0,0.0,610.5358096908116,404.42621849161293
405,10,3,16,28996.69579848579,6657.963606199406,3254.55120186738,0,0.0,471.2678798271292,279.77449892848165
406,10,3,17,28354.139560354943,5958.735360034812,2996.996537778344,0,0.0,303.44143147862053,193.06645670745291
407,10,3,18,37893.5569665728,9287.808668827724,4375.868910268692,0,0.0,359.62431273821113,180.79112787909133
408,10,3,20,44186.909272816476,8325.328631676613,4102.889621452993,0,0.0,730.5569070016329,351.33669623642334
409,10,4,5,3928.207191827498,392.85653798391553,235.6571209555196,0,1.5050540193915358,317.20568049029936,207.2451305074617
410,10,4,6,36561.50672162417,4008.0360727540537,2239.90313463882,0,21.61402929201722,1776.780563710649,1503.7563637765168
411,10,4,7,47619.04035786338,4751.437144441336,2609.6692060535456,0,13.405529864132404,2987.268767989362,3993.1685381912835
412,10,4,8,41767.863186637165,4125.0606526340725,2056.1420455032085,0,16.111097931861877,2945.2418163892044,4070.1078844199924
413,10,4,9,21813.648524306347,3989.9844413271285,1654.9803378980398,0,2.547406017780304,1741.0440707573384,1729.1642924372218
414,10,4,10,67581.62478007008,10421.895681917807,4306.800073766331,0,11.150972800704665,6298.776496385159,6009.589089942187
415,10,4,14,25813.948985356597,3066.6405816343467,1387.7869474228137,0,1.1577359437942505,2223.6760614733266,2775.4048947965675
416,10,4,15,39806.96745129792,7763.898065255537,3710.089717556734,0,43.44284148141741,2016.5602834065417,2299.1964478007008
417,10,4,16,46488.572064201064,6717.829883102006,3171.724531896828,0,14.9521412178874,1572.7416724110963,1530.9848547913446
418,10,4,17,44431.40242775151,6273.4160568366815,2954.2968670256196,0,13.203045204281805,1036.9107453388901,1006.1048107475915
419,10,4,18,15742.722699476692,3761.446997756177,1757.5515558763564,0,6.671154022216797,369.85760270765985,202.53352339777018
420,10,4,20,9167.691054544086,1543.0596966848964,704.8225039413363,0,4.341509789228439,428.73572986507907,254.8126121116501
421,10,5,5,5911.633246564848,880.054173658353,557.6099781252326,0,4.7112189903855315,410.590786153085,90.08989240713589
422,10,5,6,9126.792403319132,1409.802653428849,837.6449081435329,0,3.60636899061501,574.3161633994558,145.52276331577488
423,10,5,7,15049.238008139095,2289.3444990496023,1176.5158439273007,0,8.968172982335089,997.6670008362732,380.8268803367088
424,10,5,8,13783.978071235439,2823.494012835252,1389.5076712450798,0,9.193661985918878,908.3610259604826,296.99929091909803
425,10,5,9,11248.94279239481,3014.2218735792444,1406.8303101094807,0,4.018577992916106,771.3596489418346,192.35152976643752
426,10,5,10,43953.30055214813,12614.055711611594,5584.702964183035,0,11.426100015640255,3384.6060574346666,940.4294172552193
427,10,5,14,10819.474236154341,3007.230457489547,1282.4369302523605,0,3.1227400079369536,795.0523727935403,222.59720785034898
428,10,5,15,13128.7600904135,3146.8039597941633,1457.4663120335981,0,1.8857659976929422,633.2716080626628,171.68650468662287
429,10,5,16,16749.484831652328,3621.53123223248,1694.0940306444202,0,8.172151995822787,509.0838764963213,163.5448008568178
430,10,5,17,16520.339418374246,3534.627264688503,1744.2984316393085,0,7.9466629922389975,353.4313548697197,108.055681572869
431,10,5,18,20639.957117522503,5618.544242385797,2751.274442321287,0,6.906192004680632,378.4711661199945,90.74109022369937
432,10,5,20,25080.330132307525,6111.873885483206,3079.222392752721,0,11.98973252624273,872.8001880330969,208.96775865599403
433,11,3,5,10850.426749974697,1701.4941117503483,889.3596895773733,0,0.20898400247097,225.54414035687591,233.77551780003287
434,11,3,6,13421.163124924511,2276.059546094648,1227.2962404918858,0,0.0,326.975065538894,328.49766403730126
435,11,3,7,14952.51696321868,2470.0735722362724,1385.958273562439,0,0.0,397.8506463662857,421.31859937707105
436,11,3,8,15600.24609044993,3171.0939493403216,1515.645783163606,0,0.0,401.60079508100495,433.9806745706268
437,11,3,9,18274.654238820094,3738.2040823545085,1830.918419065917,0,0.0,466.84773224223323,516.6998862896852
438,11,3,10,53287.81586440658,11054.056275079454,5005.153409479382,0,0.0,1508.6974275961034,1690.1791989692965
439,11,3,14,11427.432118370116,2535.182636335149,1232.1205478578565,0,0.0,335.4539932056875,336.4256458994524
440,11,3,15,11869.053372811439,2797.0418349542515,1293.600952240616,0,0.0,304.10492638308415,264.4339511399771
441,11,3,16,13388.677223607105,2894.8838632999273,1400.9835693071295,0,0.0,209.93641340876766,213.3045215917583
442,11,3,17,14089.684453190628,3092.7115484639885,1556.0869403246702,0,0.0,159.32748033908427,147.3141844769062
443,11,3,18,25387.633662010438,5396.557602649423,2620.123191327325,0,0.0,186.17199688387893,211.87645800771605
444,11,3,20,43172.22866098928,7277.4945665872065,3540.145354634098,0,0.0,506.0601968807447,489.82897897016255
445,11,4,5,9114.06143828068,234.94260706790442,125.492895700552,0,1.5943180322647095,444.10230927383907,297.5819274915892
446,11,4,6,33878.880128837045,4592.216585007004,2651.1852080171243,0,48.67991225421429,1736.8517870926805,2710.677055183074
447,11,4,7,48939.730979719556,7189.8159433605715,3851.0421724113394,0,15.15511008352041,2020.9574632452675,4610.6568922147935
448,11,4,8,53848.50282790587,7801.172712933377,3800.8230764506748,0,22.054339542984962,2732.4702181778325,4916.702658141852
449,11,4,9,52703.25096149304,4867.294240498411,2127.0216839831796,0,2.998096078634262,4810.389061129309,5262.134860308725
450,11,4,10,318116.1677311799,36751.51762482654,16352.468005651805,0,43.05200794335241,29747.222255203673,38092.143257050666
451,11,4,14,73505.4188945641,9544.56749178718,4430.285737982391,0,29.441978815011677,5326.065254922922,6551.210622042094
452,11,4,15,77466.4223657953,10480.107417054054,5022.780422253825,0,38.0527920499444,3923.4326689466907,6240.470664034012
453,11,4,16,55287.59045835513,5177.3308563451,2492.0963912864927,0,14.81060806661844,1928.5977252920995,3208.568541154164
454,11,4,17,35983.02101436918,4919.506149523495,2455.8783044277307,0,12.121692031621931,842.2544009539233,1060.666941114922
455,11,4,18,46251.59056189086,9163.512584083375,4649.921126248836,0,33.92982293479144,1110.9131335863676,666.6282467862862
456,11,4,20,9810.782606881809,0.0,0.0,0,0.0,45.02110706838436,360.1552410443923
457,11,5,5,3571.0725149873406,500.4072764490778,301.5671089967503,0,6.004057988524437,332.6656410032058,147.1457785826996
458,11,5,6,7633.751211125817,943.1579261767899,591.9198809047037,0,8.925941981375217,492.37244758129805,213.78403853195584
459,11,5,7,4141.8806417112855,696.1360789886728,380.59839898337214,0,5.843767985701561,333.35232388713865,119.55509616209878
460,11,5,8,4748.057714018326,953.6083754221553,419.08079885093764,0,2.9218839928507805,369.9466550494878,127.87422572975674
461,11,5,9,6912.736975216383,1656.7937896427966,593.9772987881861,0,5.923912987112999,638.2360489155625,255.96198574576246
462,11,5,10,25213.460038195437,5824.119309805695,2692.8571588190835,0,23.695651948451996,2738.4420201416206,1158.8397386812944
463,11,5,14,6199.789372040426,1492.925604263115,561.7872844069475,0,11.847825974225998,660.2375666299899,289.59785234543574
464,11,5,15,7469.099178991647,1376.4162541795372,682.5011072317666,0,11.847825974225998,499.4397368132824,220.38210598107543
465,11,5,16,4717.503754871263,893.2355766495757,394.05990357209714,0,6.004057988524437,227.8117857707506,83.95063323543252
466,11,5,17,4791.088008154004,871.8225600964349,409.9308654613108,0,3.0020289942622185,154.06711699377163,52.95034248071357
467,11,5,18,11232.48227360989,2584.41205914453,1107.4624655937703,0,14.769709967076778,319.93780709698865,135.48551291090266
468,11,5,20,12023.667152959513,2532.9761612286347,1226.7080329608416,0,4.503043491393328,743.3192434082893,332.76378747869524
469,12,3,5,8667.502560019311,1339.1014349884597,703.192884648723,0,0.0,221.3623700301833,116.32514358000644
470,12,3,6,9936.844101696359,1722.0540495087134,943.9426124802449,0,0.0,312.0006850902484,112.20854224407812
471,12,3,7,11703.29336059623,2064.9268271316296,1116.3379383915756,0,0.0,403.60804754129913,104.01614298580326
472,12,3,8,10910.922956220951,2472.390270227758,1302.697773565559,0,0.0,399.78050685735366,92.6814598217069
473,12,3,9,9422.930474278726,2209.313306391672,1044.6491914040382,0,0.0,396.20770433208844,86.44894597679578
474,12,3,10,41272.1807037199,9870.86913119263,4505.142982993615,0,0.0,1767.1852504821966,379.6799873317088
475,12,3,14,10620.353221853149,2542.3660792084,1322.7065790170232,0,0.0,418.2254637628441,95.27239983791733
476,12,3,15,12916.460126095792,3080.3334605935124,1492.8030461812446,0,0.0,364.3046450831183,86.85962762354316
477,12,3,16,14244.94200405769,3479.6011017996143,1475.4053372763954,0,0.0,268.81472568353956,60.08802909597423
478,12,3,17,14590.942340952515,3254.504898255905,1715.4149964818282,0,0.0,190.4484793210187,41.910040344862956
479,12,3,18,19131.295697798436,4622.9428711255505,2374.9329147291683,0,0.0,204.66353120919015,43.78654117185501
480,12,3,20,23755.768162710952,4610.814716684622,2171.470942970566,0,0.0,437.79170624114903,97.4510593028791
481,12,4,5,25550.864199333464,991.3207181540085,599.3755319072766,0,5.329695027321577,1468.525151900156,1534.1697092741488
482,12,4,6,70046.51474339783,8898.780591948496,5130.526242374378,0,14.979810070246456,3080.7156809579546,5441.389466974854
483,12,4,7,111240.1019244281,14953.537646174673,7702.279708703781,0,32.098710771650076,5578.623147546092,10877.168165320427
484,12,4,8,104054.43552909193,18764.587360549845,9203.162831576386,0,40.81463592126965,5742.317955253965,10399.774850071542
485,12,4,9,118193.095477939,20018.077279850415,8844.502238325778,0,50.90164470672607,7256.5226634065975,13624.3123794789
486,12,4,10,465113.7269711471,79680.9969270875,35244.29075251796,0,212.06324671578795,33948.630784977824,58529.947295252234
487,12,4,14,118024.25820874344,18550.660031133855,8516.133688530315,0,75.05951765924692,8127.142524004525,14194.569190702403
488,12,4,15,111221.47535970071,17172.61987681125,7807.032766680748,0,37.78949972987175,5362.3463599655925,9741.357308724451
489,12,4,16,125067.8219061922,20295.164870077166,9549.241287934206,0,49.254373744130135,3634.393785059664,7158.083128400856
490,12,4,17,141655.0596172739,19960.576505937464,9772.514641121936,0,33.083111718297005,2967.610781130478,5867.400997811077
491,12,4,18,178103.17102291377,24271.80544078816,10935.801708782417,0,87.12863532453775,3141.382645865574,4964.235537517789
492,12,4,20,134567.37004664424,13397.79416167712,6238.856772306221,0,12.765097330324348,1501.2531513324311,4954.008929045356
493,13,4,5,170632.2513229222,23273.29415072526,12117.780012192285,0,147.40950443129987,8581.14398339458,13363.353617846775
494,13,4,6,135547.73823510413,24299.62369029774,12133.93485466844,0,67.07161770388483,7145.766373567939,11670.712583490975
495,13,4,7,67393.15275299645,17160.602335808428,8272.874951692087,0,33.54140090476721,4517.392371863694,6178.95883259664
496,13,4,8,78827.47639169758,20115.52783094826,9168.742199301554,0,29.176418919116255,4863.196360286022,7562.997168971267
497,13,4,9,99183.92782475123,27636.14258501952,11992.373737795484,0,47.89587784279137,7200.029547221146,10423.713626967898
498,13,4,10,312574.7765689606,93099.03414706828,40135.430276671614,0,135.58854239042384,23343.124425949787,33339.43710207594
499,13,4,14,87034.61080156475,25015.32769157662,11018.825419998911,0,46.03416883200406,6167.21501721397,8381.891677873527
500,13,4,15,76764.76667788962,22506.750389933186,10042.456591125405,0,31.9724090360105,4067.4117901023283,5928.229066626735
501,13,4,16,81856.31144161297,19977.794883741386,9295.887443291223,0,36.466238067485385,2973.8063207532878,4609.7608086457585
502,13,4,17,88837.44385420665,20657.749786224394,9949.618442092684,0,32.02893116045743,2200.974574793293,3537.705301966663
503,13,4,18,296304.4101455425,57397.759567384164,26421.634414496177,0,125.87434883695094,6234.985760603735,9884.554221380185
504,13,4,20,576813.1793982286,86319.65696035004,40781.34281857782,0,321.3254098403267,21385.976397416744,27555.64307365137
505,13,5,5,41.12563161392481,6.151721929255099,4.185499476032644,0,0.3056070096790789,3.8260392031404087,2.406501358233639
506,13,5,6,103.93347768673533,16.957771767467804,9.654432778591023,0,0.34966801106929757,5.864732196183038,2.292184504695866
507,13,5,7,147.72052041153347,24.11850157638038,12.122485993203433,0,0.30631200969219186,7.468279921154841,3.1756509122541816
508,13,5,8,142.6201170049343,31.04253828281876,13.346537261114227,0,0.34966801106929757,7.596789577881248,3.066900607152716
509,13,5,9,119.68594543933266,33.40929306971126,15.170774858466975,0,0.3930240124464033,7.542195225179763,3.0096680657004793
510,13,5,10,417.31574042582974,126.62466862096578,56.991902236293036,0,1.4654565912135373,33.13929401406754,17.16975046815718
511,13,5,14,103.7029037192255,30.94761245524965,12.415748171206495,0,0.4818510152399537,7.887237375448644,4.886545633703459
512,13,5,15,120.06107355741885,34.64483499084876,15.292586198830936,0,0.34966801106929757,6.321579338974654,3.5791686375542446
513,13,5,16,135.93000035454992,32.30014870713687,14.603576053200404,0,0.3930240124464033,4.336828521935911,2.8617727016968484
514,13,5,17,140.02571556335525,31.848672642424596,13.961256487295534,0,0.30631200969219186,3.1104442131492487,2.0280295634835555
515,13,5,18,173.75292880110044,54.73071724156725,23.729891211906292,0,0.7441020235419269,3.8130114075802175,2.467127988290065
516,13,5,20,188.1560234032844,48.63343708522345,21.618032414495374,0,1.3805190436542025,8.577020602480411,5.144684991165104
